status,league,pregame_home_wp,away_ID,traversals_70_30,tension_game_score,home_ID,elo_transfer,home_score,game_date,away_score,ID
completedFromNCAA,NCAA D1 Men,0.742903,28,1,108.0,64,7.404,16,2022-02-13,8,10002
completedFromNCAA,NCAA D1 Men,0.298895,64,0,106.0,14,18.307,8,2022-02-19,10,10003
completedFromNCAA,NCAA D1 Men,0.336968,64,0,126.0,1,30.921,11,2022-02-26,16,10004
completedFromNCAA,NCAA D1 Men,0.924511,69,1,176.0,64,2.154,21,2022-03-01,4,10005
completedFromNCAA,NCAA D1 Men,0.743307,41,0,89.0,64,29.282,8,2022-03-05,10,10006
scheduled,NCAA D1 Men,0.242514,64,,,2,,,2022-03-12,,10007
scheduled,NCAA D1 Men,0.906181,84,,,64,,,2022-03-19,,10008
scheduled,NCAA D1 Men,0.229626,64,,,46,,,2022-03-26,,10009
scheduled,NCAA D1 Men,0.379892,64,,,27,,,2022-04-02,,10010
scheduled,NCAA D1 Men,0.0829036,64,,,9,,,2022-04-09,,10011
scheduled,NCAA D1 Men,0.909162,16,,,64,,,2022-04-16,,10012
scheduled,NCAA D1 Men,0.75193,18,,,64,,,2022-04-19,,10013
scheduled,NCAA D1 Men,0.977545,4,,,64,,,2022-04-23,,10014
scheduled,NCAA D1 Men,0.248095,64,,,22,,,2022-04-29,,10015
completedFromNCAA,NCAA D1 Men,0.789574,49,1,126.0,62,5.711,16,2022-02-19,8,10016
completedFromNCAA,NCAA D1 Men,0.502101,49,0,76.0,23,9.496,14,2022-02-26,12,10017
completedFromNCAA,NCAA D1 Men,0.875972,70,1,111.0,49,2.169,11,2022-03-02,7,10018
scheduled,NCAA D1 Men,0.535925,49,,,66,,,2022-03-08,,10019
scheduled,NCAA D1 Men,0.901709,49,,,3,,,2022-03-12,,10020
scheduled,NCAA D1 Men,0.783162,50,,,49,,,2022-03-19,,10021
scheduled,NCAA D1 Men,0.503214,8,,,49,,,2022-03-26,,10022
scheduled,NCAA D1 Men,0.093034,49,,,57,,,2022-04-02,,10023
scheduled,NCAA D1 Men,0.468879,42,,,49,,,2022-04-07,,10024
scheduled,NCAA D1 Men,0.52366,49,,,58,,,2022-04-09,,10025
scheduled,NCAA D1 Men,0.397515,38,,,49,,,2022-04-16,,10026
scheduled,NCAA D1 Men,0.0331994,49,,,26,,,2022-04-22,,10027
scheduled,NCAA D1 Men,0.792028,49,,,52,,,2022-04-24,,10028
scheduled,NCAA D1 Men,0.339319,14,,,49,,,2022-04-30,,10029
completedFromNCAA,NCAA D1 Men,0.852301,12,1,137.0,11,4.001,21,2022-02-05,11,10030
completedFromNCAA,NCAA D1 Men,0.888389,12,1,106.0,27,1.91,13,2022-02-12,9,10031
completedFromNCAA,NCAA D1 Men,0.415473,12,1,50.0,54,15.676,11,2022-02-19,8,10032
completedFromNCAA,NCAA D1 Men,0.6171,17,1,35.0,12,4.688,9,2022-02-28,8,10033
completedFromNCAA,NCAA D1 Men,0.294219,68,1,111.0,12,32.285,9,2022-02-27,15,10034
completedFromNCAA,NCAA D1 Men,0.430416,34,0,143.0,12,24.882,17,2022-03-05,8,10035
scheduled,NCAA D1 Men,0.670374,12,,,15,,,2022-03-12,,10036
scheduled,NCAA D1 Men,0.283003,12,,,56,,,2022-03-19,,10037
scheduled,NCAA D1 Men,0.508094,12,,,16,,,2022-03-26,,10038
scheduled,NCAA D1 Men,0.483019,84,,,12,,,2022-04-02,,10039
scheduled,NCAA D1 Men,0.404702,12,,,60,,,2022-04-09,,10040
scheduled,NCAA D1 Men,0.585796,67,,,12,,,2022-04-16,,10041
scheduled,NCAA D1 Men,0.660973,12,,,36,,,2022-04-23,,10042
scheduled,NCAA D1 Men,0.709907,53,,,12,,,2022-04-30,,10043
completedFromNCAA,NCAA D1 Men,0.568228,53,0,75.0,56,17.3,9,2022-01-29,4,10044
completedFromNCAA,NCAA D1 Men,0.722871,53,0,164.0,31,8.407,22,2022-02-05,13,10045
completedFromNCAA,NCAA D1 Men,0.266991,16,2,40.0,53,11.206,8,2022-02-12,9,10046
completedFromNCAA,NCAA D1 Men,0.396128,17,0,40.0,53,19.993,11,2022-02-19,13,10047
completedFromNCAA,NCAA D1 Men,0.630552,53,0,56.0,85,3.83,13,2022-02-22,12,10048
completedFromNCAA,NCAA D1 Men,0.383786,71,0,170.0,53,37.878,23,2022-02-26,3,10049
completedFromNCAA,NCAA D1 Men,0.837516,53,1,113.0,15,3.021,16,2022-03-01,12,10050
completedFromNCAA,NCAA D1 Men,0.839752,53,1,148.0,45,4.585,15,2022-03-05,4,10051
scheduled,NCAA D1 Men,0.122239,68,,,53,,,2022-03-12,,10052
scheduled,NCAA D1 Men,0.294948,53,,,19,,,2022-03-19,,10053
scheduled,NCAA D1 Men,0.933518,53,,,35,,,2022-03-26,,10054
scheduled,NCAA D1 Men,0.366254,67,,,53,,,2022-04-02,,10055
scheduled,NCAA D1 Men,0.826722,53,,,36,,,2022-04-09,,10056
scheduled,NCAA D1 Men,0.375422,60,,,53,,,2022-04-16,,10057
scheduled,NCAA D1 Men,0.276301,84,,,53,,,2022-04-23,,10058
completedFromNCAA,NCAA D1 Men,0.311963,34,1,81.0,50,18.531,9,2022-02-12,11,10059
pending,NCAA D1 Men,0.490811,85,,,50,,,2022-02-19,,10060
completedFromNCAA,NCAA D1 Men,0.88038,50,1,177.0,41,3.405,22,2022-02-22,9,10061
completedFromNCAA,NCAA D1 Men,0.310361,50,2,49.0,25,11.674,12,2022-02-26,13,10062
completedFromNCAA,NCAA D1 Men,0.80019,50,1,127.0,43,4.735,17,2022-03-05,11,10063
scheduled,NCAA D1 Men,0.665264,50,,,7,,,2022-03-08,,10064
scheduled,NCAA D1 Men,0.547991,44,,,50,,,2022-03-12,,10065
scheduled,NCAA D1 Men,0.201185,58,,,50,,,2022-03-26,,10067
scheduled,NCAA D1 Men,0.11034,50,,,26,,,2022-04-02,,10068
scheduled,NCAA D1 Men,0.219029,8,,,50,,,2022-04-16,,10069
scheduled,NCAA D1 Men,0.72967,57,,,50,,,2022-04-30,,10070
completedFromNCAA,NCAA D1 Men,0.409013,15,0,163.0,9,47.219,7,2022-02-12,19,10071
completedFromNCAA,NCAA D1 Men,0.366616,15,1,60.0,5,23.473,13,2022-02-19,8,10072
completedFromNCAA,NCAA D1 Men,0.859293,55,0,99.0,15,38.203,9,2022-02-26,11,10073
completedFromNCAA,NCAA D1 Men,0.566776,15,0,142.0,38,16.717,16,2022-03-05,6,10074
scheduled,NCAA D1 Men,0.593764,86,,,15,,,2022-03-19,,10075
scheduled,NCAA D1 Men,0.518303,15,,,40,,,2022-03-26,,10076
scheduled,NCAA D1 Men,0.636666,87,,,15,,,2022-04-02,,10077
scheduled,NCAA D1 Men,0.611763,15,,,24,,,2022-04-09,,10078
scheduled,NCAA D1 Men,0.850293,10,,,15,,,2022-04-16,,10079
scheduled,NCAA D1 Men,0.293456,15,,,69,,,2022-04-23,,10080
scheduled,NCAA D1 Men,0.639364,15,,,51,,,2022-04-26,,10081
scheduled,NCAA D1 Men,0.94066,59,,,15,,,2022-04-30,,10082
completedFromNCAA,NCAA D1 Men,0.269134,43,0,60.0,56,17.334,14,2022-02-05,16,10083
completedFromNCAA,NCAA D1 Men,0.600572,43,0,87.0,36,24.299,12,2022-02-12,14,10084
completedFromNCAA,NCAA D1 Men,0.881679,4,1,183.0,43,3.607,23,2022-02-19,7,10085
completedFromNCAA,NCAA D1 Men,0.432063,43,0,134.0,34,41.293,7,2022-02-26,15,10086
scheduled,NCAA D1 Men,0.551177,43,,,5,,,2022-03-12,,10087
scheduled,NCAA D1 Men,0.540725,30,,,43,,,2022-03-15,,10088
scheduled,NCAA D1 Men,0.577829,43,,,18,,,2022-03-19,,10089
scheduled,NCAA D1 Men,0.785209,54,,,43,,,2022-03-26,,10090
scheduled,NCAA D1 Men,0.342857,33,,,43,,,2022-04-02,,10091
scheduled,NCAA D1 Men,0.552896,43,,,46,,,2022-04-10,,10092
scheduled,NCAA D1 Men,0.806263,20,,,43,,,2022-04-17,,10093
scheduled,NCAA D1 Men,0.918812,25,,,43,,,2022-04-22,,10094
scheduled,NCAA D1 Men,0.44929,43,,,21,,,2022-04-29,,10095
completedFromNCAA,NCAA D1 Men,0.31235,86,0,61.0,55,18.537,6,2022-02-19,8,10096
completedFromNCAA,NCAA D1 Men,0.344413,55,0,154.0,70,19.087,9,2022-03-05,11,10097
scheduled,NCAA D1 Men,0.162185,38,,,55,,,2022-03-08,,10098
scheduled,NCAA D1 Men,0.724461,4,,,55,,,2022-03-19,,10099
scheduled,NCAA D1 Men,0.853763,55,,,29,,,2022-03-22,,10100
scheduled,NCAA D1 Men,0.685234,55,,,32,,,2022-03-26,,10101
scheduled,NCAA D1 Men,0.0545937,62,,,55,,,2022-04-02,,10102
scheduled,NCAA D1 Men,0.229104,8,,,55,,,2022-04-05,,10103
scheduled,NCAA D1 Men,0.0715299,52,,,55,,,2022-04-09,,10104
scheduled,NCAA D1 Men,0.889017,55,,,41,,,2022-04-16,,10105
scheduled,NCAA D1 Men,0.130952,14,,,55,,,2022-04-23,,10106
scheduled,NCAA D1 Men,0.852394,55,,,51,,,2022-04-30,,10107
completedFromNCAA,NCAA D1 Men,0.976157,26,1,150.0,13,0.473,19,2022-02-05,9,10108
completedFromNCAA,NCAA D1 Men,0.813417,69,1,162.0,13,4.342,12,2022-02-12,6,10109
completedFromNCAA,NCAA D1 Men,0.41854,13,0,51.0,24,12.869,11,2022-02-15,12,10110
completedFromNCAA,NCAA D1 Men,0.668686,13,0,102.0,37,8.497,19,2022-02-22,14,10111
completedFromNCAA,NCAA D1 Men,0.806889,48,1,139.0,13,5.791,17,2022-02-26,6,10112
completedFromNCAA,NCAA D1 Men,0.328726,13,0,146.0,31,35.222,18,2022-03-05,8,10113
scheduled,NCAA D1 Men,0.758613,34,,,13,,,2022-03-12,,10114
scheduled,NCAA D1 Men,0.532531,28,,,13,,,2022-03-20,,10115
scheduled,NCAA D1 Men,0.522048,13,,,22,,,2022-03-26,,10116
scheduled,NCAA D1 Men,0.440383,13,,,66,,,2022-04-02,,10117
scheduled,NCAA D1 Men,0.727288,7,,,13,,,2022-04-09,,10118
scheduled,NCAA D1 Men,0.688098,39,,,13,,,2022-04-16,,10119
scheduled,NCAA D1 Men,0.458231,13,,,23,,,2022-04-23,,10120
scheduled,NCAA D1 Men,0.134667,13,,,44,,,2022-04-30,,10121
completedFromNCAA,NCAA D1 Men,0.0991154,27,1,58.0,84,9.131,13,2022-02-05,14,10122
completedFromNCAA,NCAA D1 Men,0.428779,27,0,123.0,37,25.007,19,2022-02-19,10,10123
completedFromNCAA,NCAA D1 Men,0.794629,68,0,87.0,27,32.203,9,2022-02-26,11,10124
completedFromNCAA,NCAA D1 Men,0.911698,17,1,132.0,27,2.229,20,2022-02-27,9,10125
completedFromNCAA,NCAA D1 Men,0.455472,27,2,77.0,35,6.937,17,2022-03-05,16,10126
scheduled,NCAA D1 Men,0.438663,52,,,27,,,2022-03-13,,10127
scheduled,NCAA D1 Men,0.365307,27,,,29,,,2022-03-19,,10128
scheduled,NCAA D1 Men,0.817318,39,,,27,,,2022-03-26,,10129
scheduled,NCAA D1 Men,0.350057,27,,,22,,,2022-04-09,,10130
scheduled,NCAA D1 Men,0.963859,4,,,27,,,2022-04-16,,10131
scheduled,NCAA D1 Men,0.128585,27,,,9,,,2022-04-23,,10132
scheduled,NCAA D1 Men,0.859777,16,,,27,,,2022-04-29,,10133
completedFromNCAA,NCAA D1 Men,0.713299,60,0,133.0,29,9.677,18,2022-02-05,7,10134
completedFromNCAA,NCAA D1 Men,0.595416,60,0,180.0,31,17.848,21,2022-02-12,5,10135
completedFromNCAA,NCAA D1 Men,0.869038,60,1,174.0,1,4.515,24,2022-02-19,2,10136
completedFromNCAA,NCAA D1 Men,0.564904,60,0,137.0,16,13.654,13,2022-03-05,7,10137
scheduled,NCAA D1 Men,0.768551,60,,,45,,,2022-03-26,,10138
scheduled,NCAA D1 Men,0.258545,36,,,60,,,2022-04-02,,10139
scheduled,NCAA D1 Men,0.490177,67,,,60,,,2022-04-23,,10140
scheduled,NCAA D1 Men,0.611557,60,,,84,,,2022-04-30,,10141
completedFromNCAA,NCAA D1 Men,0.393772,23,0,107.0,58,19.431,12,2022-02-19,8,10143
completedFromNCAA,NCAA D1 Men,0.0505301,23,0,79.0,25,66.029,13,2022-02-22,11,10144
completedFromNCAA,NCAA D1 Men,0.354193,23,2,65.0,87,19.256,8,2022-03-05,10,10145
scheduled,NCAA D1 Men,0.451826,24,,,23,,,2022-03-08,,10146
scheduled,NCAA D1 Men,0.281116,23,,,16,,,2022-03-12,,10147
scheduled,NCAA D1 Men,0.563583,23,,,22,,,2022-03-19,,10148
scheduled,NCAA D1 Men,0.424659,23,,,36,,,2022-03-26,,10149
scheduled,NCAA D1 Men,0.651077,39,,,23,,,2022-04-02,,10150
scheduled,NCAA D1 Men,0.844597,44,,,23,,,2022-04-09,,10151
scheduled,NCAA D1 Men,0.307157,23,,,7,,,2022-04-16,,10152
scheduled,NCAA D1 Men,0.481972,23,,,66,,,2022-04-29,,10153
completedFromNCAA,NCAA D1 Men,0.337183,71,0,185.0,69,36.722,17,2022-02-19,5,10154
completedFromNCAA,NCAA D1 Men,0.941436,19,0,143.0,71,132.37,6,2022-02-21,15,10155
completedFromNCAA,NCAA D1 Men,0.587706,71,0,143.0,85,20.02,21,2022-03-05,0,10156
scheduled,NCAA D1 Men,0.358391,67,,,71,,,2022-03-19,,10157
scheduled,NCAA D1 Men,0.10661,2,,,71,,,2022-03-26,,10158
scheduled,NCAA D1 Men,0.499839,71,,,56,,,2022-04-09,,10159
scheduled,NCAA D1 Men,0.148906,45,,,71,,,2022-04-15,,10160
scheduled,NCAA D1 Men,0.118634,68,,,71,,,2022-04-17,,10161
scheduled,NCAA D1 Men,0.302075,71,,,19,,,2022-04-23,,10162
completedFromNCAA,NCAA D1 Men,0.764877,17,1,164.0,40,6.904,22,2022-02-12,13,10163
completedFromNCAA,NCAA D1 Men,0.37397,46,0,66.0,40,8.882,14,2022-02-19,13,10164
pending,NCAA D1 Men,0.279877,40,,,54,,,2022-02-25,,10165
completedFromNCAA,NCAA D1 Men,0.822963,40,1,113.0,62,2.896,15,2022-03-01,12,10166
live,NCAA D1 Men,0.524167,40,,,42,,,2022-03-06,,10167
scheduled,NCAA D1 Men,0.140621,40,,,10,,,2022-03-19,,10168
scheduled,NCAA D1 Men,0.594232,40,,,24,,,2022-04-02,,10169
scheduled,NCAA D1 Men,0.944619,59,,,40,,,2022-04-09,,10170
scheduled,NCAA D1 Men,0.388698,40,,,86,,,2022-04-16,,10171
scheduled,NCAA D1 Men,0.653433,87,,,40,,,2022-04-23,,10172
scheduled,NCAA D1 Men,0.721498,69,,,40,,,2022-04-30,,10173
completedFromNCAA,NCAA D1 Men,0.591447,86,0,58.0,7,4.534,8,2022-02-06,7,10174
completedFromNCAA,NCAA D1 Men,0.816134,10,1,170.0,7,5.619,21,2022-02-12,9,10175
completedFromNCAA,NCAA D1 Men,0.490655,21,0,141.0,7,41.227,6,2022-02-18,13,10176
completedFromNCAA,NCAA D1 Men,0.54349,87,1,65.0,7,28.91,11,2022-02-25,14,10177
completedFromNCAA,NCAA D1 Men,0.735948,7,1,84.0,22,3.834,8,2022-03-05,6,10178
scheduled,NCAA D1 Men,0.69755,47,,,7,,,2022-03-12,,10179
scheduled,NCAA D1 Men,0.133016,6,,,7,,,2022-03-19,,10180
scheduled,NCAA D1 Men,0.443843,7,,,9,,,2022-03-26,,10181
scheduled,NCAA D1 Men,0.293303,7,,,44,,,2022-04-02,,10182
scheduled,NCAA D1 Men,0.32272,66,,,7,,,2022-04-23,,10183
scheduled,NCAA D1 Men,0.547275,7,,,39,,,2022-04-30,,10184
completedFromNCAA,NCAA D1 Men,0.645798,68,0,102.0,28,7.216,11,2022-02-05,8,10185
completedFromNCAA,NCAA D1 Men,0.873283,68,0,119.0,37,40.186,12,2022-02-13,14,10186
completedFromNCAA,NCAA D1 Men,0.791194,68,1,150.0,56,35.079,12,2022-02-15,21,10187
completedFromNCAA,NCAA D1 Men,0.608923,16,0,89.0,68,9.65,14,2022-02-19,10,10188
scheduled,NCAA D1 Men,0.732728,84,,,68,,,2022-03-06,,10189
scheduled,NCAA D1 Men,0.0692425,68,,,57,,,2022-03-19,,10190
scheduled,NCAA D1 Men,0.92513,4,,,68,,,2022-03-26,,10191
scheduled,NCAA D1 Men,0.565182,45,,,68,,,2022-04-02,,10192
scheduled,NCAA D1 Men,0.469932,2,,,68,,,2022-04-09,,10193
scheduled,NCAA D1 Men,0.0550513,68,,,19,,,2022-04-16,,10194
scheduled,NCAA D1 Men,0.881433,56,,,68,,,2022-04-23,,10195
completedFromNCAA,NCAA D1 Men,0.391901,28,0,141.0,39,35.279,12,2022-02-11,18,10196
completedFromNCAA,NCAA D1 Men,0.392311,18,1,44.0,28,8.405,11,2022-02-19,10,10197
completedFromNCAA,NCAA D1 Men,0.631765,28,0,129.0,35,9.854,15,2022-02-27,10,10198
completedFromNCAA,NCAA D1 Men,0.754182,28,0,163.0,11,7.895,19,2022-03-05,8,10199
scheduled,NCAA D1 Men,0.532107,42,,,28,,,2022-03-13,,10200
scheduled,NCAA D1 Men,0.574194,21,,,28,,,2022-03-18,,10201
scheduled,NCAA D1 Men,0.544416,31,,,28,,,2022-03-26,,10202
scheduled,NCAA D1 Men,0.735742,28,,,6,,,2022-04-03,,10203
scheduled,NCAA D1 Men,0.570758,28,,,29,,,2022-04-10,,10204
scheduled,NCAA D1 Men,0.564319,30,,,28,,,2022-04-16,,10205
scheduled,NCAA D1 Men,0.123131,3,,,28,,,2022-04-23,,10206
completedFromNCAA,NCAA D1 Men,0.754029,18,0,128.0,3,8.156,20,2022-02-12,8,10207
completedFromNCAA,NCAA D1 Men,0.390303,6,1,60.0,18,12.549,12,2022-02-26,13,10208
completedFromNCAA,NCAA D1 Men,0.788762,39,0,81.0,18,40.144,8,2022-03-02,11,10209
completedFromNCAA,NCAA D1 Men,0.0702595,18,1,94.0,25,13.678,12,2022-03-05,14,10210
scheduled,NCAA D1 Men,0.274301,37,,,18,,,2022-03-12,,10211
scheduled,NCAA D1 Men,0.416607,33,,,18,,,2022-03-26,,10212
scheduled,NCAA D1 Men,0.149341,18,,,20,,,2022-04-02,,10213
scheduled,NCAA D1 Men,0.373459,18,,,21,,,2022-04-09,,10214
scheduled,NCAA D1 Men,0.527084,5,,,18,,,2022-04-16,,10215
scheduled,NCAA D1 Men,0.166567,18,,,54,,,2022-04-23,,10216
scheduled,NCAA D1 Men,0.525351,46,,,18,,,2022-04-29,,10217
scheduled,NCAA D1 Men,0.419997,63,,,47,,,2022-03-19,,10218
scheduled,NCAA D1 Men,0.582684,47,,,85,,,2022-03-26,,10219
scheduled,NCAA D1 Men,0.487321,17,,,47,,,2022-04-02,,10220
scheduled,NCAA D1 Men,0.341489,47,,,70,,,2022-04-09,,10221
scheduled,NCAA D1 Men,0.338166,34,,,47,,,2022-04-16,,10222
scheduled,NCAA D1 Men,0.623312,47,,,48,,,2022-04-22,,10223
completedFromNCAA,NCAA D1 Men,0.778125,34,1,113.0,6,3.849,13,2022-02-09,10,10224
completedFromNCAA,NCAA D1 Men,0.648252,34,0,155.0,2,13.96,18,2022-02-19,4,10225
scheduled,NCAA D1 Men,0.583626,85,,,34,,,2022-03-19,,10226
scheduled,NCAA D1 Men,0.790534,70,,,34,,,2022-03-26,,10227
scheduled,NCAA D1 Men,0.413699,34,,,63,,,2022-04-02,,10228
scheduled,NCAA D1 Men,0.834247,34,,,41,,,2022-04-05,,10229
scheduled,NCAA D1 Men,0.931498,26,,,34,,,2022-04-12,,10230
scheduled,NCAA D1 Men,0.349611,34,,,17,,,2022-04-23,,10231
scheduled,NCAA D1 Men,0.541864,48,,,34,,,2022-04-30,,10232
completedFromNCAA,NCAA D1 Men,0.541515,84,0,52.0,16,14.427,11,2022-02-26,12,10233
completedFromNCAA,NCAA D1 Men,0.390609,31,1,77.0,16,19.895,10,2022-03-01,12,10234
scheduled,NCAA D1 Men,0.65368,16,,,36,,,2022-03-19,,10235
scheduled,NCAA D1 Men,0.525002,9,,,16,,,2022-04-02,,10236
scheduled,NCAA D1 Men,0.186929,16,,,4,,,2022-04-09,,10237
scheduled,NCAA D1 Men,0.208848,1,,,16,,,2022-04-12,,10238
scheduled,NCAA D1 Men,0.232429,22,,,16,,,2022-04-23,,10239
completedFromNCAA,NCAA D1 Men,0.804987,56,1,174.0,21,5.658,15,2022-02-12,5,10240
completedFromNCAA,NCAA D1 Men,0.694522,56,1,78.0,67,27.222,9,2022-02-19,11,10241
pending,NCAA D1 Men,0.168366,36,,,56,,,2022-03-05,,10242
scheduled,NCAA D1 Men,0.681534,56,,,69,,,2022-03-10,,10243
scheduled,NCAA D1 Men,0.245306,56,,,59,,,2022-03-12,,10244
scheduled,NCAA D1 Men,0.73058,56,,,84,,,2022-03-26,,10245
scheduled,NCAA D1 Men,0.302211,56,,,19,,,2022-04-02,,10246
scheduled,NCAA D1 Men,0.893452,56,,,2,,,2022-04-16,,10247
scheduled,NCAA D1 Men,0.148824,45,,,56,,,2022-04-30,,10248
completedFromNCAA,NCAA D1 Men,0.0262932,46,1,109.0,26,19.391,5,2022-02-12,10,10249
completedFromNCAA,NCAA D1 Men,0.939563,26,1,167.0,32,1.515,17,2022-02-19,4,10250
live,NCAA D1 Men,0.981251,26,,,33,,,2022-02-26,,10251
completedFromNCAA,NCAA D1 Men,0.62013,26,1,88.0,59,6.317,7,2022-03-05,5,10252
scheduled,NCAA D1 Men,0.0800195,48,,,26,,,2022-03-12,,10253
scheduled,NCAA D1 Men,0.977845,26,,,38,,,2022-03-19,,10254
scheduled,NCAA D1 Men,0.250805,57,,,26,,,2022-03-26,,10255
scheduled,NCAA D1 Men,0.966385,26,,,8,,,2022-04-09,,10256
scheduled,NCAA D1 Men,0.96971,26,,,58,,,2022-04-29,,10257
scheduled,NCAA D1 Men,0.451522,14,,,22,,,2022-03-12,,10258
scheduled,NCAA D1 Men,0.546904,14,,,41,,,2022-03-19,,10259
scheduled,NCAA D1 Men,0.277052,62,,,14,,,2022-03-26,,10260
scheduled,NCAA D1 Men,0.661695,14,,,52,,,2022-04-02,,10261
scheduled,NCAA D1 Men,0.534711,51,,,14,,,2022-04-09,,10262
scheduled,NCAA D1 Men,0.752992,32,,,14,,,2022-04-16,,10263
scheduled,NCAA D1 Men,0.563884,24,,,14,,,2022-04-26,,10264
completedFromNCAA,NCAA D1 Men,0.817201,48,1,125.0,41,6.161,22,2022-02-19,6,10265
completedFromNCAA,NCAA D1 Men,0.799827,41,1,102.0,3,4.37,15,2022-02-26,10,10266
scheduled,NCAA D1 Men,0.39587,6,,,41,,,2022-03-12,,10267
scheduled,NCAA D1 Men,0.618383,41,,,52,,,2022-03-26,,10268
scheduled,NCAA D1 Men,0.418913,41,,,51,,,2022-04-02,,10269
scheduled,NCAA D1 Men,0.620405,5,,,41,,,2022-04-09,,10270
scheduled,NCAA D1 Men,0.213694,41,,,32,,,2022-04-23,,10271
scheduled,NCAA D1 Men,0.316271,62,,,41,,,2022-04-30,,10272
completedFromNCAA,NCAA D1 Men,0.701997,2,0,71.0,35,6.603,13,2022-02-11,9,10273
completedFromNCAA,NCAA D1 Men,0.264917,2,5,86.0,39,11.183,15,2022-02-26,16,10274
completedFromNCAA,NCAA D1 Men,0.837683,85,1,176.0,2,5.077,17,2022-03-01,3,10275
completedFromNCAA,NCAA D1 Men,0.714238,2,0,145.0,37,7.545,14,2022-03-05,8,10276
scheduled,NCAA D1 Men,0.585877,58,,,2,,,2022-03-20,,10277
scheduled,NCAA D1 Men,0.264342,11,,,2,,,2022-04-02,,10278
scheduled,NCAA D1 Men,0.405491,2,,,45,,,2022-04-23,,10279
scheduled,NCAA D1 Men,0.950888,19,,,2,,,2022-04-30,,10280
completedFromNCAA,NCAA D1 Men,0.622158,69,1,122.0,39,10.223,13,2022-02-15,8,10283
completedFromNCAA,NCAA D1 Men,0.165393,11,1,126.0,39,33.37,9,2022-02-19,18,10284
completedFromNCAA,NCAA D1 Men,0.351659,58,3,52.0,39,9.499,11,2022-03-05,10,10285
scheduled,NCAA D1 Men,0.693615,39,,,24,,,2022-03-12,,10286
scheduled,NCAA D1 Men,0.365486,66,,,39,,,2022-04-09,,10287
scheduled,NCAA D1 Men,0.255581,39,,,44,,,2022-04-23,,10288
completedFromNCAA,NCAA D1 Men,0.741034,38,1,89.0,37,7.475,15,2022-02-06,7,10289
completedFromNCAA,NCAA D1 Men,0.755065,84,0,90.0,38,18.844,10,2022-02-12,11,10290
completedFromNCAA,NCAA D1 Men,0.482393,38,0,148.0,30,38.285,10,2022-02-16,16,10291
completedFromNCAA,NCAA D1 Men,0.460335,38,0,140.0,51,6.833,12,2022-02-26,11,10292
scheduled,NCAA D1 Men,0.224652,38,,,9,,,2022-03-12,,10293
scheduled,NCAA D1 Men,0.432446,38,,,66,,,2022-03-16,,10294
scheduled,NCAA D1 Men,0.857919,17,,,38,,,2022-03-26,,10295
scheduled,NCAA D1 Men,0.579597,58,,,38,,,2022-04-02,,10296
scheduled,NCAA D1 Men,0.0633895,38,,,57,,,2022-04-09,,10297
scheduled,NCAA D1 Men,0.845537,50,,,38,,,2022-04-23,,10298
scheduled,NCAA D1 Men,0.39444,38,,,8,,,2022-04-30,,10299
completedFromNCAA,NCAA D1 Men,0.404589,25,0,125.0,19,40.289,6,2022-02-12,14,10300
completedFromNCAA,NCAA D1 Men,0.869328,19,1,62.0,47,2.311,14,2022-02-16,10,10301
completedFromNCAA,NCAA D1 Men,0.204487,85,3,49.0,19,10.51,8,2022-02-26,9,10302
completedFromNCAA,NCAA D1 Men,0.868048,19,2,75.0,69,24.858,7,2022-03-04,8,10303
scheduled,NCAA D1 Men,0.830931,19,,,48,,,2022-03-15,,10304
scheduled,NCAA D1 Men,0.805306,19,,,67,,,2022-03-26,,10305
scheduled,NCAA D1 Men,0.929605,19,,,45,,,2022-04-08,,10306
completedFromNCAA,NCAA D1 Women,0.294014,146,0,128.0,121,76.689,6,2022-02-12,20,10307
completedFromNCAA,NCAA D1 Women,0.289746,146,1,82.0,99,45.517,13,2022-02-18,17,10308
completedFromNCAA,NCAA D1 Women,0.314302,88,0,134.0,146,46.777,18,2022-02-26,8,10309
completedFromNCAA,NCAA D1 Women,0.985664,151,1,150.0,146,0.651,15,2022-03-01,2,10310
completedFromNCAA,NCAA D1 Women,0.010423,146,1,149.0,153,58.803,7,2022-03-05,19,10311
scheduled,NCAA D1 Women,0.986944,131,,,146,,,2022-03-12,,10312
scheduled,NCAA D1 Women,0.923205,143,,,146,,,2022-03-19,,10313
scheduled,NCAA D1 Women,0.901577,156,,,146,,,2022-03-23,,10314
scheduled,NCAA D1 Women,0.771405,147,,,146,,,2022-03-26,,10315
scheduled,NCAA D1 Women,0.0446693,146,,,130,,,2022-03-30,,10316
scheduled,NCAA D1 Women,0.0767509,146,,,144,,,2022-04-02,,10317
scheduled,NCAA D1 Women,0.891248,141,,,146,,,2022-04-07,,10318
scheduled,NCAA D1 Women,0.445372,146,,,160,,,2022-04-13,,10319
scheduled,NCAA D1 Women,0.0391481,146,,,142,,,2022-04-17,,10320
scheduled,NCAA D1 Women,0.463665,145,,,146,,,2022-04-23,,10321
scheduled,NCAA D1 Women,0.217758,146,,,140,,,2022-04-30,,10322
completedFromNCAA,NCAA D1 Men,0.429297,22,2,66.0,30,12.994,12,2022-02-12,13,10324
completedFromNCAA,NCAA D1 Men,0.742169,22,0,110.0,52,4.689,17,2022-02-19,14,10325
completedFromNCAA,NCAA D1 Men,0.873335,44,1,130.0,22,2.875,16,2022-02-26,9,10326
completedFromNCAA,NCAA D1 Men,0.437158,22,0,133.0,51,7.338,15,2022-03-01,14,10327
scheduled,NCAA D1 Men,0.0650864,22,,,4,,,2022-04-02,,10328
scheduled,NCAA D1 Men,0.784948,9,,,22,,,2022-04-16,,10329
completedFromNCAA,NCAA D1 Men,0.57767,66,0,78.0,33,4.652,14,2022-02-12,13,10330
completedFromNCAA,NCAA D1 Men,0.927194,57,1,175.0,66,1.712,19,2022-02-19,9,10331
completedFromNCAA,NCAA D1 Men,0.418849,66,0,147.0,5,25.772,16,2022-02-26,7,10332
completedFromNCAA,NCAA D1 Men,0.762976,66,1,51.0,52,2.1,13,2022-03-05,12,10333
scheduled,NCAA D1 Men,0.679225,87,,,66,,,2022-03-12,,10334
scheduled,NCAA D1 Men,0.594673,66,,,51,,,2022-03-26,,10335
scheduled,NCAA D1 Men,0.834891,44,,,66,,,2022-04-16,,10336
completedFromNCAA,NCAA D1 Men,0.83356,87,1,157.0,6,4.791,15,2022-02-05,6,10337
completedFromNCAA,NCAA D1 Men,0.0556949,6,1,156.0,4,34.727,6,2022-02-12,23,10338
completedFromNCAA,NCAA D1 Men,0.606523,33,0,114.0,6,8.386,13,2022-02-19,10,10339
completedFromNCAA,NCAA D1 Men,0.237808,6,1,77.0,8,10.886,16,2022-03-05,17,10340
scheduled,NCAA D1 Men,0.971961,25,,,6,,,2022-03-15,,10341
scheduled,NCAA D1 Men,0.676779,29,,,6,,,2022-03-27,,10342
scheduled,NCAA D1 Men,0.718929,6,,,3,,,2022-04-10,,10343
scheduled,NCAA D1 Men,0.231104,6,,,31,,,2022-04-17,,10344
scheduled,NCAA D1 Men,0.782903,30,,,6,,,2022-04-24,,10345
completedFromNCAA,NCAA D1 Men,0.604652,86,1,63.0,5,6.692,12,2022-02-12,10,10346
completedFromNCAA,NCAA D1 Men,0.263909,5,0,141.0,54,41.342,6,2022-03-05,18,10347
scheduled,NCAA D1 Men,0.163647,5,,,20,,,2022-03-19,,10348
scheduled,NCAA D1 Men,0.307564,5,,,32,,,2022-03-22,,10349
scheduled,NCAA D1 Men,0.932877,25,,,5,,,2022-03-26,,10350
scheduled,NCAA D1 Men,0.60084,21,,,5,,,2022-04-02,,10351
scheduled,NCAA D1 Men,0.725907,5,,,52,,,2022-04-05,,10352
scheduled,NCAA D1 Men,0.501737,5,,,46,,,2022-04-23,,10353
scheduled,NCAA D1 Men,0.390512,33,,,5,,,2022-04-29,,10354
completedFromNCAA,NCAA D1 Men,0.928957,70,1,116.0,33,1.664,20,2022-02-23,10,10355
completedFromNCAA,NCAA D1 Men,0.419252,33,1,86.0,42,29.901,13,2022-03-02,17,10356
completedFromLiveStats,NCAA D1 Men,0.885865,20,1,125.0,33,2.372,14,2022-03-06,8,10357
scheduled,NCAA D1 Men,0.0440702,33,,,25,,,2022-03-12,,10358
scheduled,NCAA D1 Men,0.607833,46,,,33,,,2022-03-19,,10359
scheduled,NCAA D1 Men,0.875105,54,,,33,,,2022-04-09,,10360
scheduled,NCAA D1 Men,0.693614,33,,,62,,,2022-04-16,,10361
scheduled,NCAA D1 Men,0.701432,21,,,33,,,2022-04-23,,10362
completedFromNCAA,NCAA D1 Men,0.799229,36,1,200.0,37,7.347,21,2022-02-04,12,10363
scheduled,NCAA D1 Men,0.784941,17,,,36,,,2022-03-09,,10364
scheduled,NCAA D1 Men,0.463414,45,,,36,,,2022-03-12,,10365
scheduled,NCAA D1 Men,0.354416,36,,,84,,,2022-04-16,,10366
scheduled,NCAA D1 Men,0.266149,36,,,67,,,2022-04-30,,10367
completedFromNCAA,NCAA D1 Men,0.473171,36,0,113.0,8,15.245,18,2022-02-19,14,10368
completedFromNCAA,NCAA D1 Men,0.755296,69,0,94.0,21,29.849,9,2022-02-05,11,10370
completedFromNCAA,NCAA D1 Men,0.8213,47,1,54.0,21,2.93,9,2022-02-20,6,10371
completedFromNCAA,NCAA D1 Men,0.499145,45,1,46.0,21,13.852,13,2022-02-26,14,10372
completedFromNCAA,NCAA D1 Men,0.571738,21,1,85.0,46,11.028,11,2022-03-05,7,10373
scheduled,NCAA D1 Men,0.748899,54,,,21,,,2022-03-12,,10374
scheduled,NCAA D1 Men,0.77248,20,,,21,,,2022-03-26,,10375
scheduled,NCAA D1 Men,0.097724,21,,,25,,,2022-04-16,,10376
completedFromNCAA,NCAA D1 Men,0.744006,67,1,137.0,29,7.362,17,2022-02-12,9,10377
completedFromNCAA,NCAA D1 Men,0.707686,67,0,159.0,31,8.783,13,2022-02-26,5,10378
scheduled,NCAA D1 Men,0.500656,67,,,85,,,2022-03-11,,10379
scheduled,NCAA D1 Men,0.499344,85,,,67,,,2022-03-13,,10380
completedFromLiveStats,NCAA D1 Men,0.492698,67,3,77.0,17,21.823,10,2022-03-06,12,10381
scheduled,NCAA D1 Men,0.397818,84,,,67,,,2022-04-09,,10382
completedFromNCAA,NCAA D1 Men,0.648641,20,0,146.0,31,14.877,20,2022-02-19,3,10383
completedFromNCAA,NCAA D1 Men,0.688163,17,0,145.0,31,11.515,23,2022-02-22,10,10384
scheduled,NCAA D1 Men,0.627946,32,,,31,,,2022-03-12,,10385
scheduled,NCAA D1 Men,0.630398,31,,,1,,,2022-03-19,,10386
scheduled,NCAA D1 Men,0.105152,3,,,31,,,2022-04-02,,10387
scheduled,NCAA D1 Men,0.479867,31,,,30,,,2022-04-09,,10388
scheduled,NCAA D1 Men,0.613744,31,,,29,,,2022-04-23,,10389
completedFromNCAA,NCAA D1 Women,0.689642,141,0,102.0,148,11.384,12,2022-02-16,8,10391
completedFromNCAA,NCAA D1 Women,0.350958,141,0,104.0,122,77.992,4,2022-02-23,18,10392
completedFromNCAA,NCAA D1 Women,0.618433,141,2,129.0,157,71.415,11,2022-02-26,20,10393
completedFromNCAA,NCAA D1 Women,0.85153,141,1,148.0,193,7.016,18,2022-03-05,9,10394
scheduled,NCAA D1 Women,0.29167,147,,,141,,,2022-03-09,,10395
scheduled,NCAA D1 Women,0.683174,121,,,141,,,2022-03-12,,10396
scheduled,NCAA D1 Women,0.336587,141,,,152,,,2022-03-15,,10397
scheduled,NCAA D1 Women,0.131912,160,,,141,,,2022-03-19,,10398
scheduled,NCAA D1 Women,0.250318,141,,,142,,,2022-03-26,,10399
scheduled,NCAA D1 Women,0.0954233,145,,,141,,,2022-04-01,,10400
scheduled,NCAA D1 Women,0.820705,944,,,141,,,2022-04-12,,10401
scheduled,NCAA D1 Women,0.304753,140,,,141,,,2022-04-16,,10402
scheduled,NCAA D1 Women,0.405364,141,,,143,,,2022-04-23,,10403
scheduled,NCAA D1 Women,0.594786,144,,,141,,,2022-04-28,,10404
completedFromNCAA,NCAA D1 Men,0.946197,25,1,72.0,30,0.899,20,2022-02-05,15,10405
completedFromNCAA,NCAA D1 Men,0.568873,30,1,94.0,24,7.603,15,2022-02-19,13,10406
completedFromNCAA,NCAA D1 Men,0.143965,52,0,84.0,30,45.441,10,2022-02-26,6,10407
completedFromNCAA,NCAA D1 Men,0.629447,14,1,49.0,30,12.329,9,2022-03-05,10,10408
scheduled,NCAA D1 Men,0.163704,62,,,30,,,2022-03-12,,10409
scheduled,NCAA D1 Men,0.0978081,3,,,30,,,2022-03-27,,10410
scheduled,NCAA D1 Men,0.632662,30,,,29,,,2022-04-02,,10411
completedFromNCAA,NCAA D1 Women,0.99619,112,0,125.0,88,0.169,22,2022-02-12,7,10412
completedFromNCAA,NCAA D1 Women,0.354203,94,0,141.0,88,46.395,11,2022-02-19,15,10413
completedFromNCAA,NCAA D1 Women,0.348329,102,2,115.0,88,19.948,13,2022-03-05,14,10414
scheduled,NCAA D1 Women,0.0262108,88,,,111,,,2022-03-09,,10415
scheduled,NCAA D1 Women,0.484854,88,,,193,,,2022-03-12,,10416
scheduled,NCAA D1 Women,0.298284,96,,,88,,,2022-03-16,,10417
scheduled,NCAA D1 Women,0.0935627,88,,,148,,,2022-03-20,,10418
scheduled,NCAA D1 Women,0.993699,114,,,88,,,2022-03-23,,10419
scheduled,NCAA D1 Women,0.0955357,88,,,185,,,2022-03-27,,10420
scheduled,NCAA D1 Women,0.0357007,88,,,200,,,2022-03-30,,10421
scheduled,NCAA D1 Women,0.0377167,88,,,93,,,2022-04-03,,10422
scheduled,NCAA D1 Women,0.997236,132,,,88,,,2022-04-09,,10423
scheduled,NCAA D1 Women,0.0991413,88,,,92,,,2022-04-16,,10424
scheduled,NCAA D1 Women,0.84472,91,,,88,,,2022-04-23,,10425
scheduled,NCAA D1 Women,0.603766,110,,,88,,,2022-04-27,,10426
scheduled,NCAA D1 Women,0.0191687,88,,,90,,,2022-04-30,,10427
completedFromNCAA,NCAA D1 Men,0.7617,63,1,161.0,51,5.937,19,2022-02-19,13,10428
completedFromNCAA,NCAA D1 Men,0.648656,51,0,51.0,35,7.135,14,2022-02-23,11,10429
completedFromNCAA,NCAA D1 Men,0.297613,51,1,141.0,9,42.692,10,2022-03-05,22,10430
scheduled,NCAA D1 Men,0.631841,8,,,51,,,2022-03-12,,10431
scheduled,NCAA D1 Men,0.273773,51,,,32,,,2022-03-19,,10432
scheduled,NCAA D1 Men,0.307906,52,,,51,,,2022-04-16,,10433
scheduled,NCAA D1 Men,0.749922,51,,,62,,,2022-04-23,,10434
completedFromNCAA,NCAA D1 Men,0.105494,4,0,121.0,8,2.306,17,2022-02-25,10,10435
pending,NCAA D1 Men,0.318663,47,,,4,,,2022-03-05,,10436
scheduled,NCAA D1 Men,0.474209,70,,,4,,,2022-03-12,,10437
scheduled,NCAA D1 Men,0.671766,4,,,44,,,2022-03-22,,10438
scheduled,NCAA D1 Men,0.20262,9,,,4,,,2022-04-30,,10439
completedFromNCAA,NCAA D1 Men,0.795818,44,1,78.0,8,1.734,13,2022-02-12,12,10440
completedFromNCAA,NCAA D1 Men,0.783813,59,1,175.0,44,5.595,16,2022-02-19,9,10441
completedFromNCAA,NCAA D1 Men,0.460984,44,2,78.0,10,26.744,16,2022-03-01,19,10442
completedFromNCAA,NCAA D1 Men,0.329407,32,0,140.0,44,27.585,12,2022-03-05,16,10443
scheduled,NCAA D1 Men,0.409381,63,,,44,,,2022-03-08,,10444
scheduled,NCAA D1 Men,0.34213,9,,,44,,,2022-03-19,,10445
completedFromNCAA,NCAA D1 Men,0.809778,85,3,60.0,24,1.585,12,2022-02-12,11,10446
scheduled,NCAA D1 Men,0.457645,48,,,85,,,2022-04-09,,10447
scheduled,NCAA D1 Men,0.27082,85,,,70,,,2022-04-16,,10448
scheduled,NCAA D1 Men,0.497246,85,,,63,,,2022-04-23,,10449
scheduled,NCAA D1 Men,0.570299,17,,,85,,,2022-04-30,,10450
completedFromNCAA,NCAA D1 Women,0.109812,94,1,175.0,147,54.635,8,2022-02-12,15,10451
completedFromNCAA,NCAA D1 Women,0.822307,97,2,57.0,147,23.204,9,2022-02-16,10,10452
completedFromNCAA,NCAA D1 Women,0.560891,89,1,107.0,147,20.972,13,2022-02-19,7,10453
completedFromNCAA,NCAA D1 Women,0.6476,138,0,131.0,147,14.747,11,2022-02-26,6,10454
completedFromNCAA,NCAA D1 Women,0.233259,147,0,149.0,142,68.984,4,2022-03-04,15,10455
scheduled,NCAA D1 Women,0.78082,143,,,147,,,2022-03-12,,10456
scheduled,NCAA D1 Women,0.405381,117,,,147,,,2022-03-16,,10457
scheduled,NCAA D1 Women,0.241646,147,,,99,,,2022-03-20,,10458
scheduled,NCAA D1 Women,0.827188,152,,,147,,,2022-03-30,,10459
scheduled,NCAA D1 Women,0.2803,147,,,149,,,2022-04-02,,10460
scheduled,NCAA D1 Women,0.906965,150,,,147,,,2022-04-09,,10461
scheduled,NCAA D1 Women,0.931776,111,,,147,,,2022-04-13,,10462
scheduled,NCAA D1 Women,0.0177408,147,,,153,,,2022-04-16,,10463
scheduled,NCAA D1 Women,0.968178,151,,,147,,,2022-04-23,,10464
scheduled,NCAA D1 Women,0.219231,147,,,148,,,2022-04-30,,10465
completedFromNCAA,NCAA D1 Men,0.274334,62,0,99.0,46,26.204,5,2022-02-26,9,10466
completedFromNCAA,NCAA D1 Men,0.737291,29,1,74.0,62,4.806,14,2022-03-05,11,10467
scheduled,NCAA D1 Men,0.571573,52,,,62,,,2022-03-19,,10468
scheduled,NCAA D1 Men,0.0593039,62,,,54,,,2022-03-29,,10469
scheduled,NCAA D1 Men,0.888327,32,,,62,,,2022-04-09,,10470
scheduled,NCAA D1 Men,0.182304,62,,,42,,,2022-04-11,,10471
completedFromNCAA,NCAA D1 Men,0.793535,59,1,77.0,47,4.937,11,2022-02-26,5,10472
completedFromNCAA,NCAA D1 Men,0.872799,59,1,79.0,48,1.527,9,2022-03-01,7,10473
scheduled,NCAA D1 Men,0.900463,59,,,87,,,2022-03-19,,10474
scheduled,NCAA D1 Men,0.0384928,24,,,59,,,2022-03-26,,10475
scheduled,NCAA D1 Men,0.263783,10,,,59,,,2022-04-02,,10476
scheduled,NCAA D1 Men,0.131857,69,,,59,,,2022-04-16,,10477
scheduled,NCAA D1 Men,0.08442,86,,,59,,,2022-04-23,,10478
completedFromNCAA,NCAA D1 Men,0.853843,45,1,166.0,3,3.619,21,2022-02-05,13,10479
completedFromNCAA,NCAA D1 Men,0.74405,54,1,40.0,45,2.322,11,2022-02-11,10,10480
completedFromNCAA,NCAA D1 Men,0.741477,45,0,75.0,11,2.353,11,2022-02-13,10,10481
completedFromNCAA,NCAA D1 Men,0.254931,37,1,82.0,45,25.714,14,2022-03-01,18,10482
scheduled,NCAA D1 Men,0.282346,35,,,45,,,2022-03-20,,10483
completedFromNCAA,NCAA D1 Women,0.565676,89,2,77.0,170,33.559,10,2022-02-16,12,10484
completedFromNCAA,NCAA D1 Women,0.962683,107,1,132.0,89,1.568,23,2022-02-24,14,10485
scheduled,NCAA D1 Women,0.0667323,89,,,108,,,2022-02-27,,10486
completedFromLiveStats,NCAA D1 Women,0.869793,89,2,81.0,119,47.732,14,2022-03-05,17,10487
scheduled,NCAA D1 Women,0.92109,165,,,89,,,2022-03-09,,10488
scheduled,NCAA D1 Women,0.624759,157,,,89,,,2022-03-13,,10489
scheduled,NCAA D1 Women,0.359521,89,,,104,,,2022-03-22,,10490
scheduled,NCAA D1 Women,0.564277,149,,,89,,,2022-03-26,,10491
scheduled,NCAA D1 Women,0.980622,162,,,89,,,2022-03-30,,10492
scheduled,NCAA D1 Women,0.696522,128,,,89,,,2022-04-02,,10493
scheduled,NCAA D1 Women,0.86604,89,,,127,,,2022-04-09,,10494
scheduled,NCAA D1 Women,0.918688,131,,,89,,,2022-04-16,,10495
scheduled,NCAA D1 Women,0.223963,89,,,158,,,2022-04-20,,10496
scheduled,NCAA D1 Women,0.989216,129,,,89,,,2022-04-23,,10497
scheduled,NCAA D1 Women,0.23829,89,,,130,,,2022-04-30,,10498
pending,NCAA D1 Men,0.320056,10,,,25,,,2022-02-19,,10499
scheduled,NCAA D1 Men,0.755844,25,,,54,,,2022-03-19,,10500
scheduled,NCAA D1 Men,0.0666896,46,,,25,,,2022-04-02,,10501
scheduled,NCAA D1 Men,0.731138,25,,,20,,,2022-04-09,,10502
scheduled,NCAA D1 Men,0.976654,25,,,11,,,2022-04-28,,10503
completedFromNCAA,NCAA D1 Men,0.223114,63,3,83.0,57,10.722,14,2022-02-12,15,10504
completedFromNCAA,NCAA D1 Men,0.548978,63,0,82.0,87,13.275,12,2022-02-16,7,10505
completedFromNCAA,NCAA D1 Men,0.318693,63,0,76.0,10,20.995,13,2022-02-25,10,10506
scheduled,NCAA D1 Men,0.454912,48,,,63,,,2022-03-26,,10507
scheduled,NCAA D1 Men,0.432402,63,,,17,,,2022-04-09,,10508
scheduled,NCAA D1 Men,0.929262,63,,,11,,,2022-04-16,,10509
scheduled,NCAA D1 Men,0.920372,63,,,52,,,2022-04-26,,10510
scheduled,NCAA D1 Men,0.273001,63,,,70,,,2022-04-30,,10511
completedFromNCAA,NCAA D1 Men,0.737678,70,0,198.0,87,7.195,14,2022-02-12,7,10513
completedFromNCAA,NCAA D1 Men,0.218255,9,0,167.0,70,27.575,8,2022-02-19,13,10514
scheduled,NCAA D1 Men,0.453271,70,,,57,,,2022-02-27,,10515
scheduled,NCAA D1 Men,0.669825,70,,,17,,,2022-03-20,,10516
scheduled,NCAA D1 Men,0.761386,70,,,48,,,2022-04-02,,10517
scheduled,NCAA D1 Men,0.69457,70,,,20,,,2022-04-23,,10518
completedFromNCAA,NCAA D1 Men,0.356656,86,0,131.0,20,19.299,9,2022-02-27,11,10519
completedFromNCAA,NCAA D1 Men,0.860245,57,1,90.0,86,3.034,16,2022-03-05,10,10520
scheduled,NCAA D1 Men,0.45478,86,,,87,,,2022-03-26,,10521
scheduled,NCAA D1 Men,0.622251,69,,,86,,,2022-04-02,,10522
scheduled,NCAA D1 Men,0.204671,86,,,10,,,2022-04-09,,10523
scheduled,NCAA D1 Men,0.302742,24,,,86,,,2022-04-30,,10524
completedFromNCAA,NCAA D1 Women,0.504212,90,0,166.0,135,69.157,4,2022-02-12,13,10525
completedFromNCAA,NCAA D1 Women,0.391298,139,0,147.0,90,39.556,17,2022-02-18,7,10526
completedFromNCAA,NCAA D1 Women,0.962459,136,1,116.0,90,1.981,20,2022-02-20,3,10527
completedFromNCAA,NCAA D1 Women,0.392301,90,1,108.0,120,56.696,10,2022-02-25,16,10528
completedFromNCAA,NCAA D1 Women,0.971137,90,1,114.0,98,1.242,19,2022-02-28,9,10529
completedFromNCAA,NCAA D1 Women,0.970565,90,1,115.0,110,1.584,24,2022-03-05,5,10530
scheduled,NCAA D1 Women,0.244978,90,,,114,,,2022-03-07,,10531
scheduled,NCAA D1 Women,0.303793,166,,,90,,,2022-03-12,,10532
scheduled,NCAA D1 Women,0.0713215,125,,,90,,,2022-03-16,,10533
scheduled,NCAA D1 Women,0.840682,90,,,144,,,2022-03-20,,10534
scheduled,NCAA D1 Women,0.564923,90,,,137,,,2022-03-23,,10535
scheduled,NCAA D1 Women,0.746419,153,,,90,,,2022-03-26,,10536
scheduled,NCAA D1 Women,0.875806,132,,,90,,,2022-04-02,,10537
scheduled,NCAA D1 Women,0.849197,90,,,92,,,2022-04-09,,10538
scheduled,NCAA D1 Women,0.0960984,91,,,90,,,2022-04-16,,10539
scheduled,NCAA D1 Women,0.667282,90,,,93,,,2022-04-23,,10540
completedFromNCAA,NCAA D1 Women,0.408236,191,0,127.0,91,39.444,16,2022-02-12,5,10541
completedFromNCAA,NCAA D1 Women,0.777939,131,1,100.0,91,8.591,12,2022-02-16,7,10542
completedFromNCAA,NCAA D1 Women,0.548756,91,0,138.0,121,48.932,11,2022-02-19,15,10543
completedFromNCAA,NCAA D1 Women,0.899385,91,1,80.0,160,3.194,14,2022-02-26,10,10544
completedFromNCAA,NCAA D1 Women,0.0822416,91,1,151.0,112,56.655,11,2022-03-02,19,10545
completedFromNCAA,NCAA D1 Women,0.203928,91,1,108.0,106,38.075,11,2022-03-04,14,10546
scheduled,NCAA D1 Women,0.640472,143,,,91,,,2022-03-09,,10547
scheduled,NCAA D1 Women,0.938325,151,,,91,,,2022-03-12,,10548
scheduled,NCAA D1 Women,0.398034,173,,,91,,,2022-03-20,,10549
scheduled,NCAA D1 Women,0.230704,91,,,163,,,2022-03-23,,10550
scheduled,NCAA D1 Women,0.927523,91,,,96,,,2022-03-26,,10551
scheduled,NCAA D1 Women,0.625516,92,,,91,,,2022-04-02,,10552
scheduled,NCAA D1 Women,0.824253,93,,,91,,,2022-04-09,,10553
scheduled,NCAA D1 Women,0.985148,132,,,91,,,2022-04-30,,10554
completedFromNCAA,NCAA D1 Women,0.80237,111,3,175.0,92,7.524,18,2022-02-12,13,10556
completedFromNCAA,NCAA D1 Women,0.232624,95,1,89.0,92,25.387,14,2022-02-19,12,10557
completedFromNCAA,NCAA D1 Women,0.268437,92,1,114.0,150,54.663,11,2022-02-25,17,10558
completedFromNCAA,NCAA D1 Women,0.679102,92,0,128.0,186,15.302,18,2022-03-04,11,10559
completedFromLiveStats,NCAA D1 Women,0.913475,92,1,115.0,127,2.71,10,2022-03-06,6,10560
scheduled,NCAA D1 Women,0.133401,119,,,92,,,2022-03-11,,10561
scheduled,NCAA D1 Women,0.86414,197,,,92,,,2022-03-16,,10562
scheduled,NCAA D1 Women,0.565396,92,,,149,,,2022-03-20,,10563
scheduled,NCAA D1 Women,0.411018,92,,,152,,,2022-03-23,,10564
scheduled,NCAA D1 Women,0.490034,113,,,92,,,2022-03-27,,10565
scheduled,NCAA D1 Women,0.284966,92,,,100,,,2022-04-05,,10566
scheduled,NCAA D1 Women,0.737381,93,,,92,,,2022-04-30,,10567
scheduled,NCAA D1 Women,0.0245636,92,,,132,,,2022-04-23,,10568
completedFromNCAA,NCAA D1 Women,0.829339,100,5,102.0,186,2.467,14,2022-02-11,13,10569
completedFromNCAA,NCAA D1 Women,0.948136,100,0,163.0,127,2.323,19,2022-02-13,9,10570
completedFromNCAA,NCAA D1 Women,0.356525,128,0,151.0,100,42.595,18,2022-02-18,9,10571
completedFromNCAA,NCAA D1 Women,0.564048,202,0,138.0,100,26.541,18,2022-02-20,7,10572
completedFromNCAA,NCAA D1 Women,0.501696,97,1,76.0,100,17.54,14,2022-02-26,11,10573
completedFromNCAA,NCAA D1 Women,0.972945,129,1,152.0,100,1.309,22,2022-03-01,8,10574
completedFromNCAA,NCAA D1 Women,0.00851117,101,1,127.0,100,52.235,10,2022-03-05,19,10575
scheduled,NCAA D1 Women,0.471918,100,,,93,,,2022-03-09,,10576
scheduled,NCAA D1 Women,0.993211,100,,,94,,,2022-03-13,,10577
scheduled,NCAA D1 Women,0.93701,100,,,98,,,2022-03-17,,10578
scheduled,NCAA D1 Women,0.272427,99,,,100,,,2022-03-26,,10579
scheduled,NCAA D1 Women,0.464604,142,,,100,,,2022-03-31,,10580
scheduled,NCAA D1 Women,0.429867,100,,,944,,,2022-04-09,,10581
scheduled,NCAA D1 Women,0.981697,100,,,96,,,2022-04-16,,10582
scheduled,NCAA D1 Women,0.505235,100,,,166,,,2022-04-18,,10583
scheduled,NCAA D1 Women,0.187999,95,,,100,,,2022-04-23,,10584
completedFromNCAA,NCAA D1 Women,0.626975,145,0,166.0,101,20.3,18,2022-02-12,9,10585
completedFromNCAA,NCAA D1 Women,0.993555,196,1,121.0,101,0.301,22,2022-02-19,6,10587
completedFromNCAA,NCAA D1 Women,0.0291214,101,1,122.0,99,50.404,15,2022-02-23,22,10588
completedFromNCAA,NCAA D1 Women,0.0105085,101,1,138.0,159,44.63,9,2022-02-26,15,10589
scheduled,NCAA D1 Women,0.113929,101,,,127,,,2022-03-09,,10590
scheduled,NCAA D1 Women,0.994293,158,,,101,,,2022-03-13,,10591
scheduled,NCAA D1 Women,0.592333,94,,,101,,,2022-03-20,,10592
scheduled,NCAA D1 Women,0.00353467,101,,,944,,,2022-03-26,,10593
scheduled,NCAA D1 Women,0.966553,155,,,101,,,2022-03-30,,10594
scheduled,NCAA D1 Women,0.994177,97,,,101,,,2022-04-02,,10595
scheduled,NCAA D1 Women,0.980084,95,,,101,,,2022-04-09,,10596
scheduled,NCAA D1 Women,0.00606,101,,,161,,,2022-04-12,,10597
scheduled,NCAA D1 Women,0.0654065,101,,,98,,,2022-04-16,,10598
scheduled,NCAA D1 Women,0.798502,96,,,101,,,2022-04-21,,10599
completedFromNCAA,NCAA D1 Women,0.524862,103,1,167.0,197,69.547,8,2022-02-12,17,10600
completedFromNCAA,NCAA D1 Women,0.36715,103,1,153.0,196,56.3,10,2022-02-16,16,10601
pending,NCAA D1 Women,0.875619,182,,,103,,,2022-02-21,,10602
completedFromNCAA,NCAA D1 Women,0.914953,103,1,133.0,119,3.215,17,2022-02-23,11,10603
completedFromNCAA,NCAA D1 Women,0.55645,179,1,111.0,103,17.566,10,2022-02-27,6,10604
completedFromNCAA,NCAA D1 Women,0.475291,103,0,117.0,168,41.312,10,2022-03-05,13,10605
scheduled,NCAA D1 Women,0.0816764,103,,,169,,,2022-03-09,,10606
scheduled,NCAA D1 Women,0.880837,165,,,103,,,2022-03-14,,10607
scheduled,NCAA D1 Women,0.038316,103,,,107,,,2022-03-19,,10608
scheduled,NCAA D1 Women,0.952487,103,,,102,,,2022-03-26,,10609
scheduled,NCAA D1 Women,0.530107,104,,,103,,,2022-04-02,,10610
scheduled,NCAA D1 Women,0.794458,106,,,103,,,2022-04-09,,10611
scheduled,NCAA D1 Women,0.101457,103,,,108,,,2022-04-16,,10612
scheduled,NCAA D1 Women,0.733157,103,,,155,,,2022-04-20,,10613
scheduled,NCAA D1 Women,0.370348,103,,,177,,,2022-04-23,,10614
scheduled,NCAA D1 Women,0.907426,105,,,103,,,2022-04-30,,10615
completedFromNCAA,NCAA D1 Women,0.996153,105,0,151.0,96,0.178,23,2022-02-13,6,10616
completedFromNCAA,NCAA D1 Women,0.790532,105,1,150.0,197,79.052,4,2022-02-16,14,10617
pending,NCAA D1 Women,0.515809,198,,,105,,,2022-02-19,,10618
completedFromNCAA,NCAA D1 Women,0.101797,157,1,150.0,105,70.794,4,2022-02-22,18,10619
completedFromNCAA,NCAA D1 Women,0.940603,105,1,134.0,175,2.181,13,2022-02-26,7,10620
completedFromNCAA,NCAA D1 Women,0.537057,195,0,106.0,105,27.62,18,2022-03-02,8,10621
completedFromNCAA,NCAA D1 Women,0.436039,169,0,125.0,105,34.26,15,2022-03-05,6,10622
scheduled,NCAA D1 Women,0.296951,171,,,105,,,2022-03-09,,10623
scheduled,NCAA D1 Women,0.734094,105,,,944,,,2022-03-13,,10624
scheduled,NCAA D1 Women,0.349923,167,,,105,,,2022-03-19,,10625
scheduled,NCAA D1 Women,0.896788,105,,,104,,,2022-03-26,,10626
scheduled,NCAA D1 Women,0.00506314,102,,,105,,,2022-04-03,,10627
scheduled,NCAA D1 Women,0.717197,105,,,106,,,2022-04-06,,10628
scheduled,NCAA D1 Women,0.719142,107,,,105,,,2022-04-09,,10629
scheduled,NCAA D1 Women,0.474653,108,,,105,,,2022-04-23,,10630
completedFromNCAA,NCAA D1 Women,0.00738303,119,0,115.0,107,60.985,4,2022-02-12,18,10631
completedFromNCAA,NCAA D1 Women,0.619653,107,0,148.0,194,18.772,13,2022-02-18,6,10632
completedFromNCAA,NCAA D1 Women,0.211773,169,1,73.0,107,16.716,11,2022-02-20,10,10633
completedFromNCAA,NCAA D1 Women,0.458841,107,0,119.0,181,19.529,10,2022-02-27,7,10634
completedFromLiveStats,NCAA D1 Women,0.882911,107,1,144.0,200,4.199,16,2022-03-06,11,10635
scheduled,NCAA D1 Women,0.181179,107,,,205,,,2022-03-09,,10636
scheduled,NCAA D1 Women,0.826294,107,,,167,,,2022-03-12,,10637
scheduled,NCAA D1 Women,0.739175,107,,,108,,,2022-03-26,,10638
scheduled,NCAA D1 Women,0.133448,106,,,107,,,2022-04-02,,10639
scheduled,NCAA D1 Women,0.936558,107,,,177,,,2022-04-06,,10640
scheduled,NCAA D1 Women,0.352003,182,,,107,,,2022-04-13,,10641
scheduled,NCAA D1 Women,0.00198351,102,,,107,,,2022-04-16,,10642
scheduled,NCAA D1 Women,0.956985,107,,,104,,,2022-04-23,,10643
scheduled,NCAA D1 Women,0.0682679,159,,,107,,,2022-04-26,,10644
completedFromNCAA,NCAA D1 Women,0.128923,168,1,102.0,108,68.127,6,2022-02-12,18,10645
completedFromLiveStats,NCAA D1 Women,0.0204683,155,1,108.0,108,52.225,3,2022-02-19,11,10646
completedFromNCAA,NCAA D1 Women,0.697405,108,1,76.0,182,44.083,7,2022-02-23,10,10647
completedFromNCAA,NCAA D1 Women,0.786841,108,2,70.0,196,45.627,10,2022-03-02,13,10648
completedFromNCAA,NCAA D1 Women,0.0534328,108,1,140.0,183,71.138,4,2022-03-05,20,10649
scheduled,NCAA D1 Women,0.783474,162,,,108,,,2022-03-12,,10650
scheduled,NCAA D1 Women,0.161054,177,,,108,,,2022-03-16,,10651
scheduled,NCAA D1 Women,0.314205,108,,,164,,,2022-03-19,,10652
scheduled,NCAA D1 Women,0.11299,104,,,108,,,2022-04-06,,10653
scheduled,NCAA D1 Women,0.994399,108,,,102,,,2022-04-09,,10654
scheduled,NCAA D1 Women,0.69617,108,,,106,,,2022-04-30,,10655
completedFromNCAA,NCAA D1 Women,0.935516,97,1,159.0,110,2.819,15,2022-02-12,6,10656
completedFromLiveStats,NCAA D1 Women,0.705506,184,3,77.0,110,22.103,12,2022-02-18,13,10657
completedFromNCAA,NCAA D1 Women,0.954495,166,1,125.0,110,2.479,20,2022-02-20,2,10658
completedFromNCAA,NCAA D1 Women,0.904137,110,1,154.0,94,3.914,17,2022-02-27,10,10659
scheduled,NCAA D1 Women,0.920294,161,,,110,,,2022-03-17,,10661
scheduled,NCAA D1 Women,0.939858,201,,,110,,,2022-03-25,,10662
scheduled,NCAA D1 Women,0.148584,110,,,113,,,2022-04-01,,10663
scheduled,NCAA D1 Women,0.98436,112,,,110,,,2022-04-09,,10665
scheduled,NCAA D1 Women,0.00956988,110,,,114,,,2022-04-16,,10666
scheduled,NCAA D1 Women,0.999585,203,,,110,,,2022-04-18,,10667
scheduled,NCAA D1 Women,0.0393981,110,,,111,,,2022-04-23,,10668
scheduled,NCAA D1 Women,0.776001,95,,,110,,,2022-03-13,,10669
scheduled,NCAA D1 Women,0.854928,157,,,110,,,2022-04-03,,10670
completedFromNCAA,NCAA D1 Women,0.381586,189,0,125.0,112,11.686,14,2022-02-20,13,10671
completedFromNCAA,NCAA D1 Women,0.359006,139,0,147.0,112,34.484,14,2022-02-24,8,10672
scheduled,NCAA D1 Women,0.780244,112,,,200,,,2022-02-27,,10673
completedFromNCAA,NCAA D1 Women,0.185187,112,1,187.0,205,71.947,9,2022-03-05,22,10674
scheduled,NCAA D1 Women,0.796381,135,,,112,,,2022-03-08,,10675
scheduled,NCAA D1 Women,0.837627,129,,,112,,,2022-03-12,,10676
scheduled,NCAA D1 Women,0.012199,112,,,115,,,2022-03-15,,10677
scheduled,NCAA D1 Women,0.511363,112,,,126,,,2022-03-17,,10678
scheduled,NCAA D1 Women,0.972118,136,,,112,,,2022-03-20,,10679
scheduled,NCAA D1 Women,0.639274,133,,,112,,,2022-03-26,,10680
scheduled,NCAA D1 Women,0.378156,112,,,114,,,2022-04-02,,10681
scheduled,NCAA D1 Women,0.974544,203,,,112,,,2022-04-16,,10682
scheduled,NCAA D1 Women,0.916551,112,,,113,,,2022-04-23,,10683
scheduled,NCAA D1 Women,0.279228,111,,,112,,,2022-04-30,,10684
completedFromLiveStats,NCAA D1 Women,0.650677,113,0,109.0,125,14.593,13,2022-02-19,8,10685
completedFromNCAA,NCAA D1 Women,0.0475572,113,1,115.0,135,59.792,5,2022-02-25,15,10686
completedFromNCAA,NCAA D1 Women,0.180877,113,3,50.0,150,18.863,14,2022-02-27,15,10687
completedFromLiveStats,NCAA D1 Women,0.809606,113,1,88.0,117,8.846,12,2022-03-04,4,10688
scheduled,NCAA D1 Women,0.15192,113,,,124,,,2022-03-09,,10689
scheduled,NCAA D1 Women,0.544354,192,,,113,,,2022-03-11,,10690
scheduled,NCAA D1 Women,0.942826,139,,,113,,,2022-03-18,,10691
scheduled,NCAA D1 Women,0.00237262,113,,,203,,,2022-04-09,,10692
scheduled,NCAA D1 Women,0.473806,113,,,144,,,2022-04-10,,10693
scheduled,NCAA D1 Women,0.67716,97,,,113,,,2022-04-13,,10694
scheduled,NCAA D1 Women,0.809704,111,,,113,,,2022-04-16,,10695
scheduled,NCAA D1 Women,0.0524625,113,,,114,,,2022-04-30,,10696
completedFromNCAA,NCAA D1 Women,0.267545,137,0,94.0,114,69.784,8,2022-02-12,19,10697
completedFromNCAA,NCAA D1 Women,0.129106,166,1,58.0,114,18.412,10,2022-02-17,11,10698
completedFromNCAA,NCAA D1 Women,0.246461,139,0,51.0,114,24.677,15,2022-02-27,13,10699
completedFromNCAA,NCAA D1 Women,0.0921973,114,1,145.0,136,66.622,4,2022-03-02,16,10700
scheduled,NCAA D1 Women,0.513493,180,,,114,,,2022-03-13,,10701
scheduled,NCAA D1 Women,0.103161,163,,,114,,,2022-03-16,,10702
scheduled,NCAA D1 Women,0.518699,133,,,114,,,2022-03-19,,10703
scheduled,NCAA D1 Women,0.853769,114,,,200,,,2022-03-27,,10704
scheduled,NCAA D1 Women,0.809332,114,,,111,,,2022-04-09,,10705
scheduled,NCAA D1 Women,0.958815,203,,,114,,,2022-04-19,,10706
completedFromNCAA,NCAA D1 Women,0.366843,192,1,110.0,121,19.137,13,2022-02-16,11,10707
completedFromNCAA,NCAA D1 Women,0.836359,121,6,90.0,199,23.379,9,2022-02-25,10,10708
completedFromNCAA,NCAA D1 Women,0.828719,131,1,131.0,121,5.752,16,2022-03-02,12,10709
completedFromNCAA,NCAA D1 Women,0.405748,121,0,147.0,152,40.948,20,2022-03-05,8,10710
scheduled,NCAA D1 Women,0.146843,121,,,151,,,2022-03-19,,10711
scheduled,NCAA D1 Women,0.212398,121,,,122,,,2022-03-25,,10712
scheduled,NCAA D1 Women,0.0158416,121,,,118,,,2022-03-27,,10713
scheduled,NCAA D1 Women,0.216215,125,,,121,,,2022-04-01,,10714
scheduled,NCAA D1 Women,0.884809,121,,,117,,,2022-04-03,,10715
scheduled,NCAA D1 Women,0.120695,121,,,120,,,2022-04-08,,10716
scheduled,NCAA D1 Women,0.773843,124,,,121,,,2022-04-10,,10717
scheduled,NCAA D1 Women,0.865465,126,,,121,,,2022-04-14,,10718
scheduled,NCAA D1 Women,0.910588,121,,,119,,,2022-04-16,,10719
scheduled,NCAA D1 Women,0.824392,123,,,121,,,2022-04-23,,10720
completedFromNCAA,NCAA D1 Women,0.91657,164,1,92.0,123,1.122,14,2022-02-12,13,10721
completedFromNCAA,NCAA D1 Women,0.118177,175,0,50.0,123,20.361,10,2022-02-19,9,10722
completedFromNCAA,NCAA D1 Women,0.273651,123,0,150.0,151,38.053,14,2022-02-23,9,10723
completedFromNCAA,NCAA D1 Women,0.221001,123,0,71.0,195,25.999,11,2022-02-26,9,10724
completedFromNCAA,NCAA D1 Women,0.846674,123,1,149.0,192,6.939,13,2022-03-02,5,10725
completedFromNCAA,NCAA D1 Women,0.581192,165,0,142.0,123,33.707,8,2022-03-05,10,10726
scheduled,NCAA D1 Women,0.476769,131,,,123,,,2022-03-09,,10727
scheduled,NCAA D1 Women,0.815512,123,,,168,,,2022-03-19,,10728
scheduled,NCAA D1 Women,0.0269837,117,,,123,,,2022-03-25,,10729
scheduled,NCAA D1 Women,0.421589,124,,,123,,,2022-03-27,,10730
scheduled,NCAA D1 Women,0.578117,126,,,123,,,2022-04-01,,10731
scheduled,NCAA D1 Women,0.0555011,125,,,123,,,2022-04-03,,10732
scheduled,NCAA D1 Women,0.0702564,123,,,118,,,2022-04-08,,10733
scheduled,NCAA D1 Women,0.558693,123,,,122,,,2022-04-10,,10734
scheduled,NCAA D1 Women,0.0204878,119,,,123,,,2022-04-14,,10735
scheduled,NCAA D1 Women,0.391866,123,,,120,,,2022-04-16,,10736
completedFromNCAA,NCAA D1 Women,0.388687,138,3,87.0,125,26.706,12,2022-02-12,8,10737
completedFromNCAA,NCAA D1 Women,0.868865,137,1,139.0,125,3.681,16,2022-02-23,13,10738
completedFromNCAA,NCAA D1 Women,0.894026,93,1,106.0,125,5.219,15,2022-02-27,4,10739
completedFromNCAA,NCAA D1 Women,0.947009,125,0,155.0,139,62.362,9,2022-03-05,20,10740
scheduled,NCAA D1 Women,0.0103682,125,,,135,,,2022-03-12,,10741
scheduled,NCAA D1 Women,0.719404,125,,,98,,,2022-03-20,,10742
scheduled,NCAA D1 Women,0.958881,126,,,125,,,2022-03-25,,10743
scheduled,NCAA D1 Women,0.963516,120,,,125,,,2022-03-27,,10744
scheduled,NCAA D1 Women,0.930758,122,,,125,,,2022-04-08,,10745
scheduled,NCAA D1 Women,0.995579,118,,,125,,,2022-04-10,,10746
scheduled,NCAA D1 Women,0.074606,125,,,124,,,2022-04-14,,10747
scheduled,NCAA D1 Women,0.679378,125,,,117,,,2022-04-16,,10748
scheduled,NCAA D1 Women,0.262508,119,,,125,,,2022-04-23,,10749
completedFromNCAA,NCAA D1 Women,0.839428,118,1,138.0,935,8.262,18,2022-02-11,7,10750
completedFromNCAA,NCAA D1 Women,0.668961,935,0,180.0,122,12.29,19,2022-02-14,15,10751
completedFromNCAA,NCAA D1 Women,0.559587,178,0,145.0,935,29.014,19,2022-02-18,6,10752
pending,NCAA D1 Women,0.707039,935,,,202,,,2022-02-23,,10753
completedFromNCAA,NCAA D1 Women,0.307016,166,0,124.0,935,50.942,10,2022-02-27,15,10754
completedFromNCAA,NCAA D1 Women,0.745689,154,3,78.0,935,3.884,12,2022-03-03,11,10755
scheduled,NCAA D1 Women,0.420669,935,,,139,,,2022-03-08,,10756
scheduled,NCAA D1 Women,0.856351,204,,,935,,,2022-03-12,,10757
scheduled,NCAA D1 Women,0.159385,935,,,116,,,2022-03-17,,10758
scheduled,NCAA D1 Women,0.252203,171,,,935,,,2022-03-19,,10759
scheduled,NCAA D1 Women,0.172309,176,,,935,,,2022-03-23,,10760
scheduled,NCAA D1 Women,0.174465,935,,,129,,,2022-03-27,,10761
scheduled,NCAA D1 Women,0.157861,202,,,935,,,2022-04-02,,10762
scheduled,NCAA D1 Women,0.181352,935,,,154,,,2022-04-09,,10763
scheduled,NCAA D1 Women,0.143649,935,,,204,,,2022-04-16,,10764
scheduled,NCAA D1 Women,0.840615,116,,,935,,,2022-04-23,,10765
scheduled,NCAA D1 Women,0.827691,935,,,176,,,2022-04-30,,10766
completedFromNCAA,NCAA D1 Women,0.866719,196,1,95.0,170,4.35,14,2022-02-23,10,10767
completedFromNCAA,NCAA D1 Women,0.973752,196,1,136.0,119,1.298,21,2022-02-26,6,10768
completedFromNCAA,NCAA D1 Women,0.524783,196,3,106.0,167,8.253,13,2022-03-05,12,10769
scheduled,NCAA D1 Women,0.143568,191,,,196,,,2022-03-12,,10770
scheduled,NCAA D1 Women,0.514348,197,,,196,,,2022-03-19,,10771
scheduled,NCAA D1 Women,0.980902,196,,,193,,,2022-03-26,,10772
scheduled,NCAA D1 Women,0.296102,196,,,194,,,2022-03-30,,10773
scheduled,NCAA D1 Women,0.803039,195,,,196,,,2022-04-02,,10774
scheduled,NCAA D1 Women,0.31971,196,,,182,,,2022-04-06,,10775
scheduled,NCAA D1 Women,0.962718,196,,,199,,,2022-04-09,,10776
scheduled,NCAA D1 Women,0.160477,192,,,196,,,2022-04-16,,10777
scheduled,NCAA D1 Women,0.584399,196,,,198,,,2022-04-23,,10778
scheduled,NCAA D1 Women,0.756203,196,,,161,,,2022-04-26,,10779
scheduled,NCAA D1 Women,0.58594,190,,,196,,,2022-04-29,,10780
completedFromNCAA,NCAA D1 Women,0.204964,171,0,138.0,178,53.465,8,2022-02-23,14,10781
completedFromLiveStats,NCAA D1 Women,0.44094,178,1,118.0,154,47.519,6,2022-02-27,10,10782
completedFromNCAA,NCAA D1 Women,0.136103,202,1,118.0,178,68.384,6,2022-03-04,18,10783
scheduled,NCAA D1 Women,0.396622,178,,,134,,,2022-03-12,,10784
scheduled,NCAA D1 Women,0.940352,136,,,178,,,2022-03-15,,10785
scheduled,NCAA D1 Women,0.722216,116,,,178,,,2022-03-19,,10786
scheduled,NCAA D1 Women,0.054614,178,,,203,,,2022-03-23,,10787
scheduled,NCAA D1 Women,0.439713,180,,,178,,,2022-03-26,,10788
scheduled,NCAA D1 Women,0.973414,115,,,178,,,2022-03-30,,10789
scheduled,NCAA D1 Women,0.935405,178,,,179,,,2022-04-02,,10790
scheduled,NCAA D1 Women,0.353793,182,,,178,,,2022-04-09,,10791
scheduled,NCAA D1 Women,0.969882,178,,,175,,,2022-04-13,,10792
scheduled,NCAA D1 Women,0.936091,178,,,177,,,2022-04-16,,10793
scheduled,NCAA D1 Women,0.934599,183,,,178,,,2022-04-23,,10794
scheduled,NCAA D1 Women,0.470544,178,,,181,,,2022-04-30,,10795
completedFromNCAA,NCAA D1 Women,0.198404,154,0,156.0,205,44.413,14,2022-02-18,9,10796
completedFromNCAA,NCAA D1 Women,0.99737,205,1,137.0,98,0.117,20,2022-02-24,4,10797
completedFromNCAA,NCAA D1 Women,0.399404,116,2,81.0,205,20.235,10,2022-02-27,11,10798
scheduled,NCAA D1 Women,0.998084,205,,,117,,,2022-03-20,,10799
scheduled,NCAA D1 Women,0.20832,205,,,203,,,2022-03-26,,10800
scheduled,NCAA D1 Women,0.975945,205,,,201,,,2022-03-30,,10801
scheduled,NCAA D1 Women,0.0110733,138,,,205,,,2022-04-02,,10802
scheduled,NCAA D1 Women,0.775838,136,,,205,,,2022-04-06,,10803
scheduled,NCAA D1 Women,0.850395,205,,,133,,,2022-04-09,,10804
scheduled,NCAA D1 Women,0.972801,205,,,200,,,2022-04-13,,10805
scheduled,NCAA D1 Women,0.0391928,137,,,205,,,2022-04-16,,10806
scheduled,NCAA D1 Women,0.749634,205,,,134,,,2022-04-20,,10807
scheduled,NCAA D1 Women,0.129711,139,,,205,,,2022-04-23,,10808
scheduled,NCAA D1 Women,0.279672,135,,,205,,,2022-04-27,,10809
live,NCAA D1 Women,0.0538696,140,,,204,,,2022-02-11,,10810
completedFromNCAA,NCAA D1 Women,0.948094,204,1,212.0,176,2.13,17,2022-02-23,9,10811
completedFromNCAA,NCAA D1 Women,0.08304,128,1,164.0,204,68.089,9,2022-02-25,22,10812
completedFromNCAA,NCAA D1 Women,0.0882496,202,1,118.0,204,66.434,6,2022-03-02,18,10813
completedFromLiveStats,NCAA D1 Women,0.44813,204,0,139.0,129,38.151,18,2022-03-06,5,10814
scheduled,NCAA D1 Women,0.430923,154,,,204,,,2022-03-16,,10815
scheduled,NCAA D1 Women,0.586757,118,,,204,,,2022-03-20,,10816
scheduled,NCAA D1 Women,0.530586,204,,,116,,,2022-03-26,,10817
scheduled,NCAA D1 Women,0.0337431,176,,,204,,,2022-04-02,,10818
scheduled,NCAA D1 Women,0.969514,204,,,202,,,2022-04-09,,10819
scheduled,NCAA D1 Women,0.569077,204,,,154,,,2022-04-23,,10820
scheduled,NCAA D1 Women,0.469414,116,,,204,,,2022-04-30,,10821
completedFromNCAA,NCAA D1 Women,0.0733834,134,1,133.0,203,56.25,7,2022-02-19,15,10822
pending,NCAA D1 Women,0.0282577,165,,,203,,,2022-02-26,,10823
live,NCAA D1 Women,0.938966,203,,,181,,,2022-03-06,,10824
scheduled,NCAA D1 Women,0.547783,203,,,183,,,2022-03-08,,10825
scheduled,NCAA D1 Women,0.0894885,132,,,203,,,2022-03-11,,10826
scheduled,NCAA D1 Women,0.47664,136,,,203,,,2022-03-13,,10827
scheduled,NCAA D1 Women,0.678988,115,,,203,,,2022-03-18,,10828
scheduled,NCAA D1 Women,0.989982,203,,,111,,,2022-04-02,,10829
completedFromNCAA,NCAA D1 Women,0.978565,188,0,173.0,199,0.829,18,2022-02-11,10,10830
completedFromNCAA,NCAA D1 Women,0.96768,120,1,184.0,199,1.137,14,2022-02-17,8,10831
completedFromNCAA,NCAA D1 Women,0.963488,126,1,136.0,199,1.756,16,2022-02-19,3,10832
completedFromNCAA,NCAA D1 Women,0.334829,199,2,76.0,175,31.493,11,2022-02-23,13,10833
completedFromNCAA,NCAA D1 Women,0.336943,199,0,149.0,148,59.647,6,2022-03-01,13,10834
scheduled,NCAA D1 Women,0.821063,144,,,199,,,2022-03-10,,10835
scheduled,NCAA D1 Women,0.948358,198,,,199,,,2022-03-19,,10836
scheduled,NCAA D1 Women,0.890806,130,,,199,,,2022-03-23,,10837
scheduled,NCAA D1 Women,0.831539,192,,,199,,,2022-03-26,,10838
scheduled,NCAA D1 Women,0.00940881,199,,,195,,,2022-03-30,,10839
scheduled,NCAA D1 Women,0.035275,199,,,197,,,2022-04-02,,10840
scheduled,NCAA D1 Women,0.0160291,199,,,194,,,2022-04-16,,10841
scheduled,NCAA D1 Women,0.973363,190,,,199,,,2022-04-20,,10842
scheduled,NCAA D1 Women,0.812342,191,,,199,,,2022-04-23,,10843
scheduled,NCAA D1 Women,0.665442,199,,,193,,,2022-04-28,,10844
completedFromNCAA,NCAA D1 Women,0.799138,189,1,43.0,200,5.929,15,2022-02-18,12,10845
completedFromNCAA,NCAA D1 Women,0.12522,184,1,127.0,200,58.244,7,2022-02-20,15,10846
scheduled,NCAA D1 Women,0.994263,200,,,94,,,2022-03-11,,10847
scheduled,NCAA D1 Women,0.00801351,200,,,136,,,2022-03-25,,10848
scheduled,NCAA D1 Women,0.862866,133,,,200,,,2022-04-06,,10850
scheduled,NCAA D1 Women,0.531467,200,,,201,,,2022-04-09,,10851
scheduled,NCAA D1 Women,0.922752,134,,,200,,,2022-04-16,,10852
scheduled,NCAA D1 Women,0.15796,200,,,139,,,2022-04-20,,10853
scheduled,NCAA D1 Women,0.714038,200,,,138,,,2022-04-23,,10854
scheduled,NCAA D1 Women,0.593324,137,,,200,,,2022-04-27,,10855
completedFromNCAA,NCAA D1 Women,0.9018,202,0,124.0,95,5.789,24,2022-02-11,5,10856
scheduled,NCAA D1 Women,0.961894,129,,,202,,,2022-02-27,,10857
completedFromLiveStats,NCAA D1 Women,0.197081,140,0,139.0,202,44.086,13,2022-03-06,17,10858
scheduled,NCAA D1 Women,0.965678,116,,,202,,,2022-03-10,,10859
scheduled,NCAA D1 Women,0.473804,202,,,176,,,2022-03-16,,10860
scheduled,NCAA D1 Women,0.434443,202,,,93,,,2022-03-18,,10861
scheduled,NCAA D1 Women,0.96013,154,,,202,,,2022-03-23,,10862
scheduled,NCAA D1 Women,0.612896,202,,,128,,,2022-03-27,,10863
scheduled,NCAA D1 Women,0.0343222,202,,,116,,,2022-04-16,,10864
scheduled,NCAA D1 Women,0.526196,176,,,202,,,2022-04-23,,10865
scheduled,NCAA D1 Women,0.03987,202,,,154,,,2022-04-30,,10866
completedFromNCAA,NCAA D1 Women,0.146527,193,1,120.0,144,61.708,5,2022-02-19,14,10867
completedFromNCAA,NCAA D1 Women,0.888211,152,1,110.0,193,2.447,13,2022-02-23,11,10868
completedFromNCAA,NCAA D1 Women,0.194242,193,1,100.0,156,30.06,10,2022-03-02,12,10869
scheduled,NCAA D1 Women,0.0580502,193,,,130,,,2022-03-09,,10870
scheduled,NCAA D1 Women,0.0924387,193,,,192,,,2022-03-19,,10871
scheduled,NCAA D1 Women,0.485818,160,,,193,,,2022-03-23,,10872
scheduled,NCAA D1 Women,0.714243,193,,,96,,,2022-03-29,,10873
scheduled,NCAA D1 Women,0.00812355,193,,,194,,,2022-04-02,,10874
scheduled,NCAA D1 Women,0.981948,197,,,193,,,2022-04-09,,10875
scheduled,NCAA D1 Women,0.0135716,193,,,190,,,2022-04-13,,10876
scheduled,NCAA D1 Women,0.104057,193,,,191,,,2022-04-16,,10877
scheduled,NCAA D1 Women,0.973352,198,,,193,,,2022-04-20,,10878
scheduled,NCAA D1 Women,0.00475262,193,,,195,,,2022-04-23,,10879
completedFromNCAA,NCAA D1 Women,0.262465,182,1,114.0,164,15.065,15,2022-02-27,14,10880
scheduled,NCAA D1 Women,0.0260011,155,,,182,,,2022-03-08,,10881
scheduled,NCAA D1 Women,0.527678,194,,,182,,,2022-03-12,,10882
scheduled,NCAA D1 Women,0.451952,169,,,182,,,2022-03-20,,10883
scheduled,NCAA D1 Women,0.985267,115,,,182,,,2022-03-26,,10884
scheduled,NCAA D1 Women,0.0368983,182,,,183,,,2022-03-30,,10885
scheduled,NCAA D1 Women,0.946325,182,,,175,,,2022-04-02,,10886
scheduled,NCAA D1 Women,0.112004,179,,,182,,,2022-04-16,,10887
scheduled,NCAA D1 Women,0.110874,177,,,182,,,2022-04-20,,10888
scheduled,NCAA D1 Women,0.41094,182,,,180,,,2022-04-23,,10889
scheduled,NCAA D1 Women,0.672688,181,,,182,,,2022-04-27,,10890
completedFromNCAA,NCAA D1 Women,0.94086,172,0,154.0,184,2.772,18,2022-02-12,7,10891
scheduled,NCAA D1 Women,0.33135,160,,,184,,,2022-03-08,,10892
scheduled,NCAA D1 Women,0.636323,186,,,184,,,2022-03-11,,10893
scheduled,NCAA D1 Women,0.978025,189,,,184,,,2022-03-13,,10894
scheduled,NCAA D1 Women,0.0049542,184,,,188,,,2022-03-18,,10895
scheduled,NCAA D1 Women,0.32274,184,,,187,,,2022-03-20,,10896
scheduled,NCAA D1 Women,0.82374,185,,,184,,,2022-03-25,,10897
scheduled,NCAA D1 Women,0.411611,184,,,140,,,2022-04-03,,10898
scheduled,NCAA D1 Women,0.995046,188,,,184,,,2022-04-08,,10899
scheduled,NCAA D1 Women,0.67726,187,,,184,,,2022-04-10,,10900
scheduled,NCAA D1 Women,0.363677,184,,,186,,,2022-04-15,,10901
scheduled,NCAA D1 Women,0.021975,184,,,189,,,2022-04-17,,10902
scheduled,NCAA D1 Women,0.17626,184,,,185,,,2022-04-22,,10903
scheduled,NCAA D1 Women,0.639723,173,,,184,,,2022-04-30,,10904
completedFromNCAA,NCAA D1 Women,0.991849,183,1,134.0,163,0.407,21,2022-02-20,2,10905
completedFromNCAA,NCAA D1 Women,0.859164,183,1,124.0,164,7.583,20,2022-02-23,7,10906
completedFromNCAA,NCAA D1 Women,0.962671,183,1,132.0,165,1.798,18,2022-03-02,5,10907
scheduled,NCAA D1 Women,0.994859,183,,,159,,,2022-03-17,,10908
scheduled,NCAA D1 Women,0.995191,183,,,179,,,2022-03-26,,10909
scheduled,NCAA D1 Women,0.927009,183,,,181,,,2022-04-09,,10910
scheduled,NCAA D1 Women,0.71927,115,,,183,,,2022-04-16,,10911
scheduled,NCAA D1 Women,0.0520591,180,,,183,,,2022-04-20,,10912
scheduled,NCAA D1 Women,0.995245,183,,,177,,,2022-04-27,,10913
scheduled,NCAA D1 Women,0.00216831,175,,,183,,,2022-04-30,,10914
completedFromNCAA,NCAA D1 Women,0.452552,167,1,85.0,180,20.018,8,2022-02-19,9,10915
completedFromNCAA,NCAA D1 Women,0.24425,167,3,92.0,181,38.632,8,2022-02-23,11,10916
completedFromNCAA,NCAA D1 Women,0.639269,167,0,161.0,158,5.868,13,2022-03-01,12,10917
scheduled,NCAA D1 Women,0.243699,177,,,167,,,2022-03-09,,10918
scheduled,NCAA D1 Women,0.319395,167,,,169,,,2022-03-26,,10919
scheduled,NCAA D1 Women,0.468105,172,,,167,,,2022-03-30,,10920
scheduled,NCAA D1 Women,0.331934,166,,,167,,,2022-04-02,,10921
scheduled,NCAA D1 Women,0.13097,170,,,167,,,2022-04-06,,10922
scheduled,NCAA D1 Women,0.416503,167,,,165,,,2022-04-09,,10923
scheduled,NCAA D1 Women,0.251864,168,,,167,,,2022-04-13,,10924
scheduled,NCAA D1 Women,0.560325,167,,,171,,,2022-04-16,,10925
scheduled,NCAA D1 Women,0.214428,167,,,164,,,2022-04-20,,10926
scheduled,NCAA D1 Women,0.287583,163,,,167,,,2022-04-23,,10927
completedFromNCAA,NCAA D1 Women,0.271647,168,0,143.0,944,44.346,12,2022-02-18,5,10928
completedFromNCAA,NCAA D1 Women,0.820232,197,1,96.0,168,5.231,16,2022-03-02,13,10929
scheduled,NCAA D1 Women,0.591883,168,,,192,,,2022-03-08,,10930
scheduled,NCAA D1 Women,0.462333,168,,,161,,,2022-03-11,,10931
scheduled,NCAA D1 Women,0.0846337,119,,,168,,,2022-03-15,,10932
scheduled,NCAA D1 Women,0.5081,168,,,179,,,2022-03-23,,10933
scheduled,NCAA D1 Women,0.915841,164,,,168,,,2022-03-26,,10934
scheduled,NCAA D1 Women,0.136432,168,,,169,,,2022-03-30,,10935
scheduled,NCAA D1 Women,0.454739,168,,,163,,,2022-04-02,,10936
scheduled,NCAA D1 Women,0.300228,168,,,171,,,2022-04-06,,10937
scheduled,NCAA D1 Women,0.30923,170,,,168,,,2022-04-09,,10938
scheduled,NCAA D1 Women,0.806252,165,,,168,,,2022-04-16,,10939
scheduled,NCAA D1 Women,0.596101,166,,,168,,,2022-04-21,,10940
completedFromNCAA,NCAA D1 Women,0.195647,191,0,124.0,169,65.647,9,2022-02-26,19,10941
completedFromNCAA,NCAA D1 Women,0.629167,180,0,118.0,169,19.234,14,2022-03-02,6,10942
scheduled,NCAA D1 Women,0.0679818,149,,,169,,,2022-03-12,,10943
scheduled,NCAA D1 Women,0.828762,169,,,142,,,2022-03-15,,10944
scheduled,NCAA D1 Women,0.0660527,170,,,169,,,2022-04-02,,10945
scheduled,NCAA D1 Women,0.603342,169,,,165,,,2022-04-06,,10946
scheduled,NCAA D1 Women,0.810921,169,,,166,,,2022-04-13,,10947
scheduled,NCAA D1 Women,0.840735,169,,,163,,,2022-04-16,,10948
scheduled,NCAA D1 Women,0.269131,171,,,169,,,2022-04-20,,10949
scheduled,NCAA D1 Women,0.36775,169,,,164,,,2022-04-23,,10950
pending,NCAA D1 Women,0.403418,165,,,162,,,2022-02-19,,10951
completedFromNCAA,NCAA D1 Women,0.466552,180,3,47.0,162,9.582,10,2022-02-23,9,10952
completedFromNCAA,NCAA D1 Women,0.151073,177,0,77.0,162,72.733,6,2022-02-26,20,10953
completedFromLiveStats,NCAA D1 Women,0.089213,159,1,125.0,162,46.441,9,2022-03-05,14,10954
scheduled,NCAA D1 Women,0.0623225,163,,,162,,,2022-03-08,,10955
scheduled,NCAA D1 Women,0.37625,164,,,162,,,2022-03-15,,10956
scheduled,NCAA D1 Women,0.968146,162,,,157,,,2022-03-19,,10957
scheduled,NCAA D1 Women,0.00366469,160,,,162,,,2022-03-25,,10958
scheduled,NCAA D1 Women,0.126564,172,,,162,,,2022-04-02,,10959
scheduled,NCAA D1 Women,0.98877,162,,,155,,,2022-04-09,,10960
scheduled,NCAA D1 Women,0.0605586,161,,,162,,,2022-04-16,,10961
scheduled,NCAA D1 Women,0.935915,162,,,158,,,2022-04-23,,10962
scheduled,NCAA D1 Women,0.973657,162,,,156,,,2022-05-01,,10963
completedFromNCAA,NCAA D1 Women,0.267073,130,1,124.0,190,72.021,8,2022-02-12,20,10964
completedFromNCAA,NCAA D1 Women,0.312243,106,0,140.0,190,62.568,9,2022-02-19,17,10965
completedFromNCAA,NCAA D1 Women,0.573616,190,0,97.0,120,21.221,14,2022-02-23,15,10966
completedFromNCAA,NCAA D1 Women,0.0300099,190,1,80.0,115,64.078,3,2022-02-26,16,10967
completedFromNCAA,NCAA D1 Women,0.439064,190,0,60.0,126,16.229,11,2022-03-02,9,10968
completedFromNCAA,NCAA D1 Women,0.637091,133,0,146.0,190,19.635,20,2022-03-05,11,10969
scheduled,NCAA D1 Women,0.338941,190,,,153,,,2022-03-11,,10970
scheduled,NCAA D1 Women,0.176287,190,,,132,,,2022-03-13,,10971
scheduled,NCAA D1 Women,0.257656,190,,,195,,,2022-03-19,,10972
scheduled,NCAA D1 Women,0.626849,194,,,190,,,2022-03-26,,10973
scheduled,NCAA D1 Women,0.894086,190,,,191,,,2022-04-02,,10974
scheduled,NCAA D1 Women,0.880996,190,,,192,,,2022-04-09,,10975
scheduled,NCAA D1 Women,0.334464,198,,,190,,,2022-04-16,,10976
scheduled,NCAA D1 Women,0.428053,197,,,190,,,2022-04-23,,10977
completedFromNCAA,NCAA D1 Women,0.390748,191,0,107.0,143,34.346,16,2022-02-16,9,10978
completedFromNCAA,NCAA D1 Women,0.406095,149,3,86.0,191,11.057,13,2022-02-19,12,10979
completedFromNCAA,NCAA D1 Women,0.670604,166,0,134.0,191,14.772,15,2022-02-24,9,10980
completedFromNCAA,NCAA D1 Women,0.622467,163,0,125.0,191,16.029,18,2022-03-05,13,10981
scheduled,NCAA D1 Women,0.0995303,191,,,151,,,2022-03-09,,10982
scheduled,NCAA D1 Women,0.934128,194,,,191,,,2022-03-19,,10983
scheduled,NCAA D1 Women,0.136653,191,,,197,,,2022-03-26,,10984
scheduled,NCAA D1 Women,0.532772,192,,,191,,,2022-03-30,,10985
scheduled,NCAA D1 Women,0.328639,191,,,158,,,2022-04-05,,10986
scheduled,NCAA D1 Women,0.190756,191,,,198,,,2022-04-09,,10987
scheduled,NCAA D1 Women,0.960508,195,,,191,,,2022-04-29,,10988
completedFromNCAA,NCAA D1 Women,0.833947,181,1,158.0,158,8.578,15,2022-02-19,4,10989
completedFromNCAA,NCAA D1 Women,0.820176,158,0,103.0,104,36.737,14,2022-02-26,16,10990
completedFromNCAA,NCAA D1 Women,0.914263,158,0,97.0,155,49.534,9,2022-03-05,12,10991
scheduled,NCAA D1 Women,0.220253,95,,,158,,,2022-03-20,,10992
scheduled,NCAA D1 Women,0.283221,156,,,158,,,2022-03-26,,10993
scheduled,NCAA D1 Women,0.455956,159,,,158,,,2022-04-02,,10994
scheduled,NCAA D1 Women,0.484915,161,,,158,,,2022-04-09,,10995
scheduled,NCAA D1 Women,0.675445,158,,,157,,,2022-04-16,,10996
scheduled,NCAA D1 Women,0.0222278,102,,,158,,,2022-04-25,,10997
scheduled,NCAA D1 Women,0.949021,158,,,160,,,2022-04-30,,10998
completedFromNCAA,NCAA D1 Women,0.263667,172,1,123.0,188,64.583,6,2022-02-18,15,10999
completedFromNCAA,NCAA D1 Women,0.882954,172,1,122.0,173,3.247,16,2022-02-20,13,11000
completedFromNCAA,NCAA D1 Women,0.78634,172,0,169.0,185,11.002,16,2022-02-25,6,11001
scheduled,NCAA D1 Women,0.304902,172,,,189,,,2022-02-27,,11002
scheduled,NCAA D1 Women,0.0247552,160,,,172,,,2022-03-12,,11003
scheduled,NCAA D1 Women,0.238385,128,,,172,,,2022-03-15,,11004
scheduled,NCAA D1 Women,0.196767,148,,,172,,,2022-03-23,,11005
scheduled,NCAA D1 Women,0.020659,127,,,172,,,2022-03-27,,11006
scheduled,NCAA D1 Women,0.982684,172,,,145,,,2022-04-10,,11007
scheduled,NCAA D1 Women,0.803186,172,,,143,,,2022-04-16,,11008
scheduled,NCAA D1 Women,0.283684,159,,,172,,,2022-04-18,,11009
scheduled,NCAA D1 Women,0.0833709,173,,,172,,,2022-04-24,,11010
completedFromNCAA,NCAA D1 Women,0.0160337,173,1,112.0,188,58.285,5,2022-02-26,16,11011
completedFromNCAA,NCAA D1 Women,0.790286,173,1,161.0,127,10.343,13,2022-03-04,4,11012
live,NCAA D1 Women,0.503681,173,,,186,,,2022-03-06,,11013
scheduled,NCAA D1 Women,0.911728,111,,,173,,,2022-03-11,,11014
scheduled,NCAA D1 Women,0.541664,187,,,173,,,2022-03-13,,11015
scheduled,NCAA D1 Women,0.256411,173,,,192,,,2022-03-22,,11016
scheduled,NCAA D1 Women,0.0557398,173,,,131,,,2022-03-26,,11017
scheduled,NCAA D1 Women,0.961634,189,,,173,,,2022-04-09,,11018
scheduled,NCAA D1 Women,0.991237,188,,,173,,,2022-04-16,,11019
completedFromNCAA,NCAA D1 Women,0.37907,127,1,80.0,187,31.892,6,2022-02-18,8,11020
completedFromNCAA,NCAA D1 Women,0.00576794,127,1,147.0,188,53.326,5,2022-02-20,15,11021
completedFromNCAA,NCAA D1 Women,0.932206,142,1,161.0,127,2.688,12,2022-02-25,5,11022
scheduled,NCAA D1 Women,0.223658,127,,,140,,,2022-03-13,,11023
scheduled,NCAA D1 Women,0.890326,170,,,127,,,2022-03-15,,11024
scheduled,NCAA D1 Women,0.920715,148,,,127,,,2022-03-25,,11025
scheduled,NCAA D1 Women,0.00168347,127,,,129,,,2022-04-02,,11026
scheduled,NCAA D1 Women,0.0461565,127,,,130,,,2022-04-15,,11027
scheduled,NCAA D1 Women,0.0135059,127,,,131,,,2022-04-23,,11028
scheduled,NCAA D1 Women,0.809475,186,,,127,,,2022-04-27,,11029
scheduled,NCAA D1 Women,0.93686,128,,,127,,,2022-04-30,,11030
completedFromNCAA,NCAA D1 Women,0.210523,135,0,170.0,132,52.5,20,2022-02-19,11,11031
completedFromNCAA,NCAA D1 Women,0.946229,135,2,77.0,97,2.965,21,2022-03-02,3,11032
scheduled,NCAA D1 Women,0.115007,124,,,135,,,2022-03-16,,11033
scheduled,NCAA D1 Women,0.442812,135,,,154,,,2022-03-20,,11034
scheduled,NCAA D1 Women,0.537572,135,,,134,,,2022-03-30,,11035
scheduled,NCAA D1 Women,0.0671751,200,,,135,,,2022-04-02,,11036
scheduled,NCAA D1 Women,0.0950746,137,,,135,,,2022-04-06,,11037
scheduled,NCAA D1 Women,0.722607,135,,,139,,,2022-04-09,,11038
scheduled,NCAA D1 Women,0.940305,135,,,201,,,2022-04-13,,11039
scheduled,NCAA D1 Women,0.0280315,138,,,135,,,2022-04-16,,11040
scheduled,NCAA D1 Women,0.311822,133,,,135,,,2022-04-20,,11041
scheduled,NCAA D1 Women,0.100864,135,,,136,,,2022-04-23,,11042
completedFromNCAA,NCAA D1 Women,0.280911,98,1,130.0,138,64.941,13,2022-02-20,22,11043
completedFromNCAA,NCAA D1 Women,0.31809,138,0,155.0,140,16.768,15,2022-03-02,6,11044
completedFromNCAA,NCAA D1 Women,0.569348,138,0,142.0,175,18.848,11,2022-03-05,6,11045
scheduled,NCAA D1 Women,0.289726,138,,,150,,,2022-03-16,,11047
scheduled,NCAA D1 Women,0.0142033,94,,,138,,,2022-03-23,,11048
scheduled,NCAA D1 Women,0.225504,138,,,111,,,2022-03-26,,11049
scheduled,NCAA D1 Women,0.784621,137,,,138,,,2022-03-30,,11050
scheduled,NCAA D1 Women,0.0698781,138,,,139,,,2022-04-06,,11051
scheduled,NCAA D1 Women,0.0698781,138,,,139,,,2022-04-06,,11052
scheduled,NCAA D1 Women,0.996775,136,,,138,,,2022-04-09,,11053
scheduled,NCAA D1 Women,0.967561,134,,,138,,,2022-04-13,,11054
scheduled,NCAA D1 Women,0.312374,138,,,201,,,2022-04-20,,11055
scheduled,NCAA D1 Women,0.0598398,138,,,133,,,2022-04-27,,11056
completedFromNCAA,NCAA D1 Men,0.24853,32,0,129.0,29,5.775,17,2022-02-26,12,11057
scheduled,NCAA D1 Men,0.666007,54,,,32,,,2022-04-02,,11058
scheduled,NCAA D1 Men,0.856373,32,,,52,,,2022-04-30,,11059
completedFromNCAA,NCAA D1 Women,0.653936,93,1,181.0,128,11.164,16,2022-02-12,13,11060
completedFromNCAA,NCAA D1 Women,0.942545,128,1,169.0,145,2.687,24,2022-02-14,13,11061
completedFromNCAA,NCAA D1 Women,0.562692,128,1,105.0,142,22.297,18,2022-02-20,11,11062
completedFromNCAA,NCAA D1 Women,0.350122,128,2,102.0,171,51.59,9,2022-03-04,14,11063
completedFromLiveStats,NCAA D1 Women,0.28473,128,0,131.0,166,28.773,12,2022-03-06,9,11064
scheduled,NCAA D1 Women,0.978045,116,,,128,,,2022-03-12,,11065
scheduled,NCAA D1 Women,0.120721,128,,,189,,,2022-03-20,,11066
scheduled,NCAA D1 Women,0.831158,131,,,128,,,2022-04-09,,11067
scheduled,NCAA D1 Women,0.97559,129,,,128,,,2022-04-16,,11068
scheduled,NCAA D1 Women,0.298958,95,,,128,,,2022-04-18,,11069
scheduled,NCAA D1 Women,0.582072,130,,,128,,,2022-04-24,,11070
completedFromNCAA,NCAA D1 Women,0.72905,129,1,86.0,116,22.29,10,2022-02-12,11,11071
scheduled,NCAA D1 Women,0.128889,129,,,136,,,2022-03-09,,11072
scheduled,NCAA D1 Women,0.903527,129,,,122,,,2022-03-20,,11073
scheduled,NCAA D1 Women,0.0490422,93,,,129,,,2022-03-25,,11074
scheduled,NCAA D1 Women,0.0336749,130,,,129,,,2022-04-09,,11075
scheduled,NCAA D1 Women,0.109664,131,,,129,,,2022-04-30,,11076
completedFromNCAA,NCAA D1 Women,0.996338,132,1,134.0,117,0.146,18,2022-02-12,7,11077
completedFromNCAA,NCAA D1 Women,0.800879,132,1,186.0,153,8.807,18,2022-02-23,11,11079
completedFromNCAA,NCAA D1 Women,0.694395,132,0,179.0,134,74.886,6,2022-02-26,15,11080
completedFromNCAA,NCAA D1 Women,0.849435,132,1,195.0,111,7.763,18,2022-03-02,7,11081
completedFromNCAA,NCAA D1 Women,0.118817,137,1,71.0,132,18.308,12,2022-03-05,13,11082
scheduled,NCAA D1 Women,0.0582716,166,,,132,,,2022-03-18,,11083
scheduled,NCAA D1 Women,0.955597,115,,,132,,,2022-03-20,,11084
scheduled,NCAA D1 Women,0.186574,151,,,132,,,2022-03-26,,11085
scheduled,NCAA D1 Women,0.0660373,93,,,132,,,2022-04-16,,11086
completedFromNCAA,NCAA D1 Women,0.817871,140,0,159.0,95,53.755,7,2022-02-13,11,11087
live,NCAA D1 Women,0.509592,185,,,140,,,2022-02-18,,11088
completedFromNCAA,NCAA D1 Women,0.17514,140,0,140.0,93,71.647,7,2022-02-20,20,11089
completedFromNCAA,NCAA D1 Women,0.369646,140,1,146.0,152,74.262,6,2022-02-27,18,11090
scheduled,NCAA D1 Women,0.229957,140,,,144,,,2022-03-18,,11091
scheduled,NCAA D1 Women,0.0453662,140,,,131,,,2022-03-20,,11092
scheduled,NCAA D1 Women,0.193976,145,,,140,,,2022-03-26,,11093
scheduled,NCAA D1 Women,0.230067,140,,,143,,,2022-03-31,,11094
scheduled,NCAA D1 Women,0.872326,142,,,140,,,2022-04-08,,11095
completedFromNCAA,NCAA D1 Women,0.317751,143,1,142.0,151,62.671,8,2022-02-12,16,11096
completedFromNCAA,NCAA D1 Women,0.955367,151,1,143.0,156,2.049,15,2022-02-19,4,11097
completedFromNCAA,NCAA D1 Women,0.811342,151,1,146.0,130,9.554,16,2022-03-05,6,11098
scheduled,NCAA D1 Women,0.284561,106,,,151,,,2022-03-23,,11099
scheduled,NCAA D1 Women,0.89521,151,,,148,,,2022-03-30,,11100
scheduled,NCAA D1 Women,0.0778242,149,,,151,,,2022-04-06,,11101
scheduled,NCAA D1 Women,0.645366,153,,,151,,,2022-04-09,,11102
scheduled,NCAA D1 Women,0.757335,151,,,150,,,2022-04-16,,11103
scheduled,NCAA D1 Women,0.13594,152,,,151,,,2022-04-30,,11104
completedFromNCAA,NCAA D1 Women,0.457574,175,1,128.0,152,41.115,11,2022-02-12,14,11105
scheduled,NCAA D1 Women,0.283435,152,,,106,,,2022-03-09,,11106
scheduled,NCAA D1 Women,0.569714,130,,,152,,,2022-03-26,,11107
scheduled,NCAA D1 Women,0.670689,150,,,152,,,2022-04-02,,11108
scheduled,NCAA D1 Women,0.42684,144,,,152,,,2022-04-06,,11109
scheduled,NCAA D1 Women,0.426616,148,,,152,,,2022-04-09,,11110
scheduled,NCAA D1 Women,0.650867,152,,,149,,,2022-04-16,,11111
scheduled,NCAA D1 Women,0.920427,153,,,152,,,2022-04-27,,11112
completedFromNCAA,NCAA D1 Women,0.555439,143,2,101.0,130,21.113,16,2022-02-19,17,11113
completedFromNCAA,NCAA D1 Women,0.314678,192,0,174.0,143,48.436,17,2022-02-26,6,11114
completedFromNCAA,NCAA D1 Women,0.540358,163,0,166.0,143,28.365,19,2022-03-02,8,11115
completedFromNCAA,NCAA D1 Women,0.851448,131,1,127.0,143,8.046,17,2022-03-05,4,11116
scheduled,NCAA D1 Women,0.500155,144,,,143,,,2022-03-26,,11117
scheduled,NCAA D1 Women,0.494164,185,,,143,,,2022-04-03,,11118
scheduled,NCAA D1 Women,0.932912,143,,,145,,,2022-04-08,,11119
scheduled,NCAA D1 Women,0.601803,179,,,143,,,2022-04-13,,11120
scheduled,NCAA D1 Women,0.32877,143,,,142,,,2022-04-28,,11121
scheduled,NCAA D1 Women,0.887157,139,,,97,,,2022-03-12,,11122
scheduled,NCAA D1 Women,0.844467,139,,,150,,,2022-03-26,,11123
scheduled,NCAA D1 Women,0.541359,133,,,139,,,2022-03-30,,11124
scheduled,NCAA D1 Women,0.785121,139,,,137,,,2022-04-02,,11125
scheduled,NCAA D1 Women,0.0412849,139,,,136,,,2022-04-13,,11126
scheduled,NCAA D1 Women,0.141909,201,,,139,,,2022-04-16,,11127
scheduled,NCAA D1 Women,0.30856,139,,,134,,,2022-04-27,,11128
completedFromNCAA,NCAA D1 Women,0.84113,124,1,145.0,144,7.565,15,2022-02-12,6,11129
completedFromNCAA,NCAA D1 Women,0.781011,144,0,70.0,156,36.066,8,2022-02-26,10,11130
completedFromNCAA,NCAA D1 Women,0.556499,130,0,158.0,144,21.235,16,2022-03-02,10,11131
completedFromLiveStats,NCAA D1 Women,0.420944,148,1,80.0,144,27.62,11,2022-03-06,6,11132
scheduled,NCAA D1 Women,0.958027,144,,,102,,,2022-03-13,,11133
scheduled,NCAA D1 Women,0.772457,106,,,144,,,2022-03-29,,11134
scheduled,NCAA D1 Women,0.932951,144,,,145,,,2022-04-16,,11135
scheduled,NCAA D1 Women,0.671093,142,,,144,,,2022-04-23,,11136
completedFromNCAA,NCAA D1 Women,0.158524,176,0,142.0,142,69.061,17,2022-02-12,5,11137
completedFromNCAA,NCAA D1 Women,0.408931,142,0,126.0,93,67.395,9,2022-02-16,18,11138
completedFromNCAA,NCAA D1 Women,0.759613,142,1,144.0,186,7.28,13,2022-02-27,10,11139
scheduled,NCAA D1 Women,0.272494,142,,,122,,,2022-03-09,,11140
scheduled,NCAA D1 Women,0.249744,175,,,142,,,2022-03-12,,11141
scheduled,NCAA D1 Women,0.965976,142,,,145,,,2022-03-19,,11142
completedFromNCAA,NCAA D1 Women,0.920902,185,1,163.0,145,3.356,16,2022-02-20,8,11143
completedFromNCAA,NCAA D1 Women,0.154645,145,1,147.0,95,18.648,16,2022-02-23,17,11144
completedFromNCAA,NCAA D1 Women,0.352871,96,4,91.0,145,12.449,16,2022-03-01,15,11145
pending,NCAA D1 Women,0.817231,145,,,94,,,2022-03-06,,11146
scheduled,NCAA D1 Women,0.378734,102,,,145,,,2022-03-10,,11147
scheduled,NCAA D1 Women,0.816447,155,,,145,,,2022-03-21,,11148
scheduled,NCAA D1 Women,0.0862373,145,,,156,,,2022-04-03,,11149
completedFromNCAA,NCAA D1 Women,0.217775,187,1,167.0,104,19.136,14,2022-02-13,15,11150
completedFromNCAA,NCAA D1 Women,0.175039,104,1,150.0,197,78.467,2,2022-02-19,19,11151
completedFromNCAA,NCAA D1 Women,0.524507,104,0,112.0,149,19.178,11,2022-03-05,7,11152
scheduled,NCAA D1 Women,0.502069,148,,,104,,,2022-03-12,,11153
scheduled,NCAA D1 Women,0.214136,104,,,171,,,2022-03-16,,11154
scheduled,NCAA D1 Women,0.516905,104,,,157,,,2022-03-29,,11155
scheduled,NCAA D1 Women,0.225931,104,,,106,,,2022-04-16,,11156
scheduled,NCAA D1 Women,0.957633,104,,,96,,,2022-04-19,,11157
scheduled,NCAA D1 Women,0.0423441,102,,,104,,,2022-04-30,,11158
completedFromNCAA,NCAA D1 Women,0.678419,153,3,147.0,131,21.903,13,2022-02-12,14,11159
completedFromNCAA,NCAA D1 Women,0.199599,157,0,159.0,131,49.129,9,2022-02-19,14,11160
completedFromNCAA,NCAA D1 Women,0.572889,126,0,109.0,131,18.655,12,2022-02-23,7,11161
scheduled,NCAA D1 Women,0.214994,131,,,195,,,2022-03-12,,11162
scheduled,NCAA D1 Women,0.220532,130,,,131,,,2022-04-02,,11163
completedFromNCAA,NCAA D1 Women,0.95752,133,0,133.0,98,2.364,22,2022-02-11,3,11164
completedFromNCAA,NCAA D1 Women,0.969976,115,0,134.0,133,1.497,18,2022-02-13,6,11165
completedFromNCAA,NCAA D1 Women,0.656985,154,1,161.0,133,19.107,17,2022-02-20,7,11166
completedFromNCAA,NCAA D1 Women,0.381892,93,0,159.0,133,56.532,9,2022-02-25,15,11167
scheduled,NCAA D1 Women,0.649689,133,,,126,,,2022-03-07,,11168
scheduled,NCAA D1 Women,0.122891,201,,,133,,,2022-04-02,,11169
scheduled,NCAA D1 Women,0.811773,133,,,137,,,2022-04-13,,11170
scheduled,NCAA D1 Women,0.951629,136,,,133,,,2022-04-16,,11171
scheduled,NCAA D1 Women,0.654989,134,,,133,,,2022-04-23,,11172
completedFromNCAA,NCAA D1 Women,0.666577,115,0,134.0,133,1.524,18,2022-02-11,6,11173
completedFromNCAA,NCAA D1 Women,0.204531,116,1,130.0,136,38.083,12,2022-02-25,15,11174
scheduled,NCAA D1 Women,0.0880052,134,,,136,,,2022-04-02,,11175
scheduled,NCAA D1 Women,0.988351,136,,,137,,,2022-04-20,,11176
scheduled,NCAA D1 Women,0.992929,136,,,201,,,2022-04-27,,11177
completedFromNCAA,NCAA D1 Women,0.461903,137,2,85.0,150,15.361,22,2022-03-02,20,11178
scheduled,NCAA D1 Women,0.496172,198,,,137,,,2022-03-07,,11179
scheduled,NCAA D1 Women,0.792617,153,,,137,,,2022-03-19,,11180
scheduled,NCAA D1 Women,0.108843,137,,,134,,,2022-04-09,,11181
scheduled,NCAA D1 Women,0.376657,201,,,137,,,2022-04-23,,11182
completedFromNCAA,NCAA D1 Women,0.524152,179,2,115.0,148,29.638,18,2022-02-12,7,11183
completedFromNCAA,NCAA D1 Women,0.964125,195,1,128.0,148,1.675,16,2022-02-20,4,11184
scheduled,NCAA D1 Women,0.432528,156,,,148,,,2022-03-09,,11185
scheduled,NCAA D1 Women,0.0604357,148,,,153,,,2022-04-02,,11186
scheduled,NCAA D1 Women,0.418927,149,,,148,,,2022-04-13,,11187
scheduled,NCAA D1 Women,0.267572,148,,,150,,,2022-04-23,,11188
scheduled,NCAA D1 Women,0.757597,148,,,155,,,2022-04-26,,11189
completedFromNCAA,NCAA D1 Women,0.970309,153,1,127.0,117,1.229,19,2022-02-15,10,11190
completedFromNCAA,NCAA D1 Women,0.0427169,98,1,134.0,153,72.958,5,2022-02-18,23,11191
scheduled,NCAA D1 Women,0.945204,153,,,113,,,2022-03-16,,11192
scheduled,NCAA D1 Women,0.681755,134,,,153,,,2022-03-23,,11193
scheduled,NCAA D1 Women,0.850288,153,,,150,,,2022-03-30,,11194
scheduled,NCAA D1 Women,0.0443187,149,,,153,,,2022-04-23,,11195
completedFromNCAA,NCAA D1 Women,0.810656,155,1,140.0,102,11.564,20,2022-02-27,3,11196
scheduled,NCAA D1 Women,0.310934,119,,,155,,,2022-03-18,,11197
scheduled,NCAA D1 Women,0.165217,155,,,159,,,2022-03-27,,11198
scheduled,NCAA D1 Women,0.149798,155,,,161,,,2022-04-03,,11199
scheduled,NCAA D1 Women,0.755373,155,,,160,,,2022-04-16,,11200
scheduled,NCAA D1 Women,0.704331,156,,,155,,,2022-04-23,,11201
scheduled,NCAA D1 Women,0.256616,155,,,157,,,2022-04-30,,11202
completedFromNCAA,NCAA D1 Women,0.755357,161,2,72.0,156,22.515,8,2022-03-05,9,11203
scheduled,NCAA D1 Women,0.828111,156,,,98,,,2022-03-13,,11204
scheduled,NCAA D1 Women,0.299874,156,,,130,,,2022-03-19,,11205
scheduled,NCAA D1 Women,0.45125,156,,,157,,,2022-04-09,,11206
scheduled,NCAA D1 Women,0.679594,159,,,156,,,2022-04-16,,11207
scheduled,NCAA D1 Women,0.880322,156,,,160,,,2022-04-20,,11208
completedFromNCAA,NCAA D1 Women,0.897985,157,3,80.0,160,1.396,13,2022-03-05,12,11209
scheduled,NCAA D1 Women,0.865523,197,,,157,,,2022-03-09,,11210
scheduled,NCAA D1 Women,0.337924,157,,,161,,,2022-03-26,,11211
scheduled,NCAA D1 Women,0.0451981,96,,,157,,,2022-04-12,,11212
scheduled,NCAA D1 Women,0.364408,157,,,159,,,2022-04-23,,11213
completedFromNCAA,NCAA D1 Women,0.620478,177,1,120.0,159,12.481,14,2022-02-19,11,11214
completedFromNCAA,NCAA D1 Women,0.488554,149,0,162.0,159,53.586,7,2022-02-22,12,11215
completedFromNCAA,NCAA D1 Women,0.178825,159,3,88.0,194,18.847,13,2022-03-01,14,11216
scheduled,NCAA D1 Women,0.0264087,102,,,159,,,2022-03-22,,11217
scheduled,NCAA D1 Women,0.0602341,160,,,159,,,2022-04-09,,11218
scheduled,NCAA D1 Women,0.470964,159,,,161,,,2022-04-30,,11219
completedFromNCAA,NCAA D1 Women,0.185282,160,1,150.0,99,53.053,11,2022-02-20,17,11220
scheduled,NCAA D1 Women,0.297359,102,,,160,,,2022-03-29,,11221
scheduled,NCAA D1 Women,0.0539791,160,,,161,,,2022-04-23,,11222
completedFromNCAA,NCAA D1 Women,0.855685,164,0,119.0,180,66.385,6,2022-02-16,12,11223
completedFromNCAA,NCAA D1 Women,0.58261,164,1,87.0,181,33.721,11,2022-03-02,13,11224
completedFromNCAA,NCAA D1 Women,0.582222,164,0,104.0,195,54.99,10,2022-03-05,15,11225
scheduled,NCAA D1 Women,0.960488,164,,,170,,,2022-03-30,,11226
scheduled,NCAA D1 Women,0.823598,164,,,171,,,2022-04-02,,11227
scheduled,NCAA D1 Women,0.0992498,163,,,164,,,2022-04-06,,11228
scheduled,NCAA D1 Women,0.119425,166,,,164,,,2022-04-09,,11229
scheduled,NCAA D1 Women,0.72338,164,,,165,,,2022-04-13,,11230
completedFromNCAA,NCAA D1 Women,0.107199,179,2,132.0,165,41.745,14,2022-02-23,11,11231
scheduled,NCAA D1 Women,0.725573,180,,,165,,,2022-03-19,,11232
scheduled,NCAA D1 Women,0.208736,165,,,181,,,2022-03-23,,11233
scheduled,NCAA D1 Women,0.359019,171,,,165,,,2022-03-26,,11234
scheduled,NCAA D1 Women,0.776311,165,,,163,,,2022-03-30,,11235
scheduled,NCAA D1 Women,0.902873,165,,,170,,,2022-04-20,,11236
scheduled,NCAA D1 Women,0.738192,165,,,166,,,2022-04-24,,11237
completedFromNCAA,NCAA D1 Women,0.852216,171,0,151.0,176,60.996,11,2022-02-19,16,11238
completedFromNCAA,NCAA D1 Women,0.128693,176,0,143.0,198,71.316,17,2022-02-26,6,11239
completedFromNCAA,NCAA D1 Women,0.0523433,176,1,112.0,116,34.765,8,2022-03-02,11,11240
completedFromNCAA,NCAA D1 Women,0.222419,176,0,163.0,111,62.272,18,2022-03-05,5,11241
scheduled,NCAA D1 Women,0.0440843,176,,,154,,,2022-03-09,,11242
scheduled,NCAA D1 Women,0.398023,176,,,106,,,2022-03-19,,11243
scheduled,NCAA D1 Women,0.539634,93,,,176,,,2022-03-27,,11244
scheduled,NCAA D1 Women,0.962027,116,,,176,,,2022-04-09,,11245
scheduled,NCAA D1 Women,0.955916,154,,,176,,,2022-04-16,,11246
completedFromNCAA,NCAA D1 Women,0.42281,170,1,91.0,179,32.278,10,2022-02-19,12,11247
completedFromNCAA,NCAA D1 Women,0.643069,179,2,73.0,192,21.659,7,2022-03-05,8,11248
scheduled,NCAA D1 Women,0.677097,179,,,149,,,2022-03-08,,11249
scheduled,NCAA D1 Women,0.797822,197,,,179,,,2022-03-12,,11250
scheduled,NCAA D1 Women,0.0808751,179,,,180,,,2022-03-30,,11251
scheduled,NCAA D1 Women,0.689805,179,,,175,,,2022-04-06,,11252
scheduled,NCAA D1 Women,0.942177,181,,,179,,,2022-04-20,,11253
scheduled,NCAA D1 Women,0.0018825,179,,,115,,,2022-04-23,,11254
scheduled,NCAA D1 Women,0.497148,177,,,179,,,2022-04-30,,11255
completedFromNCAA,NCAA D1 Women,0.844804,187,3,129.0,96,4.437,12,2022-02-11,9,11257
completedFromNCAA,NCAA D1 Women,0.591246,187,0,81.0,117,6.835,11,2022-02-25,10,11258
completedFromNCAA,NCAA D1 Women,0.21487,187,0,146.0,99,57.464,23,2022-02-27,13,11259
scheduled,NCAA D1 Women,0.98966,188,,,187,,,2022-03-11,,11260
scheduled,NCAA D1 Women,0.690122,185,,,187,,,2022-03-18,,11261
scheduled,NCAA D1 Women,0.545318,187,,,186,,,2022-03-25,,11262
scheduled,NCAA D1 Women,0.0450269,187,,,189,,,2022-03-27,,11263
scheduled,NCAA D1 Women,0.454682,186,,,187,,,2022-04-01,,11264
scheduled,NCAA D1 Women,0.954973,189,,,187,,,2022-04-03,,11265
scheduled,NCAA D1 Women,0.309878,187,,,185,,,2022-04-08,,11266
scheduled,NCAA D1 Women,0.01034,187,,,188,,,2022-04-23,,11267
scheduled,NCAA D1 Women,0.0295395,170,,,195,,,2022-03-09,,11269
scheduled,NCAA D1 Women,0.851479,195,,,198,,,2022-03-26,,11270
scheduled,NCAA D1 Women,0.368312,194,,,195,,,2022-04-09,,11271
scheduled,NCAA D1 Women,0.7938,195,,,197,,,2022-04-16,,11272
scheduled,NCAA D1 Women,0.955216,195,,,192,,,2022-04-20,,11273
completedFromNCAA,NCAA D1 Women,0.504541,102,0,99.0,96,8.706,12,2022-02-20,11,11274
completedFromNCAA,NCAA D1 Women,0.0818928,96,1,172.0,95,17.868,16,2022-02-26,17,11275
completedFromLiveStats,NCAA D1 Women,0.772072,98,1,106.0,96,5.427,18,2022-03-06,16,11276
scheduled,NCAA D1 Women,0.0474306,96,,,99,,,2022-03-12,,11277
scheduled,NCAA D1 Women,0.0226836,96,,,97,,,2022-03-19,,11278
scheduled,NCAA D1 Women,0.986138,944,,,96,,,2022-04-02,,11279
scheduled,NCAA D1 Women,0.268285,94,,,96,,,2022-04-09,,11280
scheduled,NCAA D1 Men,0.37874,10,,,57,,,2022-03-12,,11282
scheduled,NCAA D1 Men,0.905876,57,,,8,,,2022-03-16,,11283
scheduled,NCAA D1 Men,0.0853444,58,,,57,,,2022-04-16,,11284
scheduled,NCAA D1 Men,0.267168,20,,,57,,,2022-04-20,,11285
completedFromNCAA,NCAA D1 Men,0.7547,29,0,108.0,35,69.688,8,2022-02-19,20,11286
scheduled,NCAA D1 Men,0.482296,1,,,29,,,2022-03-12,,11287
scheduled,NCAA D1 Men,0.842661,29,,,3,,,2022-04-16,,11288
completedFromNCAA,NCAA D1 Women,0.188622,149,1,80.0,180,37.847,5,2022-02-12,8,11289
completedFromNCAA,NCAA D1 Women,0.1041,163,1,85.0,180,18.147,11,2022-02-26,12,11290
scheduled,NCAA D1 Women,0.438007,194,,,180,,,2022-03-08,,11291
scheduled,NCAA D1 Women,0.919969,180,,,177,,,2022-04-02,,11292
scheduled,NCAA D1 Women,0.0380624,175,,,180,,,2022-04-09,,11293
scheduled,NCAA D1 Women,0.41089,180,,,181,,,2022-04-16,,11294
scheduled,NCAA D1 Women,0.979015,115,,,180,,,2022-04-30,,11295
completedFromNCAA,NCAA D1 Men,0.810753,20,1,168.0,42,7.22,28,2022-02-12,5,11296
completedFromNCAA,NCAA D1 Men,0.185662,3,1,104.0,42,23.894,10,2022-02-20,14,11297
completedFromNCAA,NCAA D1 Men,0.737105,42,0,165.0,11,7.99,20,2022-02-26,11,11298
scheduled,NCAA D1 Men,0.465678,42,,,8,,,2022-03-19,,11299
scheduled,NCAA D1 Men,0.210829,37,,,42,,,2022-03-26,,11300
scheduled,NCAA D1 Men,0.618786,42,,,1,,,2022-04-02,,11301
scheduled,NCAA D1 Men,0.704169,42,,,35,,,2022-04-16,,11302
scheduled,NCAA D1 Men,0.207422,11,,,42,,,2022-04-23,,11303
scheduled,NCAA D1 Men,0.381214,1,,,42,,,2022-05-01,,11304
scheduled,NCAA D1 Men,0.421227,87,,,69,,,2022-04-09,,11305
scheduled,NCAA D1 Men,0.265875,24,,,87,,,2022-04-16,,11306
scheduled,NCAA D1 Men,0.235776,87,,,10,,,2022-04-30,,11307
scheduled,NCAA D1 Men,0.686106,84,,,58,,,2022-03-11,,11308
scheduled,NCAA D1 Men,0.611329,17,,,48,,,2022-04-16,,11309
completedFromNCAA,NCAA D1 Women,0.469284,171,1,119.0,198,32.686,12,2022-02-12,14,11310
scheduled,NCAA D1 Women,0.461667,944,,,171,,,2022-02-27,,11311
scheduled,NCAA D1 Women,0.0383175,171,,,118,,,2022-03-12,,11312
scheduled,NCAA D1 Women,0.387705,166,,,171,,,2022-03-30,,11313
scheduled,NCAA D1 Women,0.660309,171,,,163,,,2022-04-09,,11314
scheduled,NCAA D1 Women,0.838882,171,,,170,,,2022-04-23,,11315
completedFromNCAA,NCAA D1 Women,0.121147,177,3,53.0,194,18.332,14,2022-03-05,15,11316
scheduled,NCAA D1 Women,0.312642,175,,,177,,,2022-03-26,,11317
scheduled,NCAA D1 Women,0.0572047,177,,,181,,,2022-03-30,,11318
scheduled,NCAA D1 Women,0.00186119,177,,,115,,,2022-04-09,,11319
completedFromNCAA,NCAA D1 Men,0.256372,58,0,89.0,69,12.769,9,2022-02-25,8,11320
scheduled,NCAA D1 Men,0.208599,24,,,69,,,2022-03-19,,11321
scheduled,NCAA D1 Men,0.297707,69,,,10,,,2022-03-26,,11322
completedFromNCAA,NCAA D1 Women,0.821074,134,0,144.0,106,11.052,21,2022-02-12,3,11323
completedFromNCAA,NCAA D1 Women,0.174815,124,1,164.0,134,57.554,8,2022-03-02,15,11324
completedFromLiveStats,NCAA D1 Women,0.959281,115,1,103.0,134,1.857,21,2022-03-06,10,11325
scheduled,NCAA D1 Women,0.778805,134,,,126,,,2022-03-19,,11326
scheduled,NCAA D1 Women,0.068729,201,,,134,,,2022-04-06,,11327
completedFromNCAA,NCAA D1 Women,0.266399,186,0,113.0,161,54.627,6,2022-02-20,12,11328
completedFromNCAA,NCAA D1 Women,0.828356,194,1,129.0,161,6.971,13,2022-02-22,7,11329
pending,NCAA D1 Women,0.44593,130,,,161,,,2022-02-26,,11330
scheduled,NCAA D1 Women,0.507647,163,,,161,,,2022-03-14,,11331
completedFromNCAA,NCAA D1 Men,0.369786,24,0,136.0,9,36.962,8,2022-02-26,15,11332
completedFromNCAA,NCAA D1 Men,0.782957,48,0,123.0,24,4.845,15,2022-03-05,10,11333
scheduled,NCAA D1 Men,0.899495,10,,,24,,,2022-04-23,,11334
completedFromNCAA,NCAA D1 Women,0.612543,122,7,106.0,944,6.4,9,2022-02-11,8,11335
completedFromNCAA,NCAA D1 Women,0.963153,118,1,117.0,944,1.819,22,2022-02-20,8,11336
completedFromNCAA,NCAA D1 Women,0.0110635,94,1,135.0,944,55.145,5,2022-02-24,15,11337
completedFromNCAA,NCAA D1 Women,0.433814,97,5,81.0,944,20.426,11,2022-03-05,12,11339
scheduled,NCAA D1 Women,0.951759,944,,,98,,,2022-03-10,,11340
scheduled,NCAA D1 Women,0.779841,944,,,99,,,2022-03-18,,11342
scheduled,NCAA D1 Women,0.424743,166,,,944,,,2022-03-21,,11344
scheduled,NCAA D1 Women,0.939786,154,,,944,,,2022-03-28,,11345
scheduled,NCAA D1 Women,0.851379,944,,,95,,,2022-04-16,,11348
scheduled,NCAA D1 Women,0.774366,120,,,944,,,2022-04-19,,11350
completedFromNCAA,NCAA D1 Men,0.420816,9,0,146.0,20,38.687,9,2022-02-05,16,11351
scheduled,NCAA D1 Men,0.722984,10,,,9,,,2022-03-08,,11352
scheduled,NCAA D1 Women,0.0573373,102,,,149,,,2022-03-18,,11353
scheduled,NCAA D1 Women,0.957053,185,,,102,,,2022-04-01,,11354
scheduled,NCAA D1 Women,0.987259,106,,,102,,,2022-04-23,,11355
completedFromNCAA,NCAA D1 Women,0.352357,99,2,147.0,150,66.341,11,2022-02-11,20,11356
completedFromNCAA,NCAA D1 Women,0.0316059,188,2,130.0,99,1.505,18,2022-02-13,5,11357
completedFromLiveStats,NCAA D1 Women,0.587754,99,0,120.0,95,10.947,12,2022-03-06,10,11358
scheduled,NCAA D1 Women,0.178466,117,,,99,,,2022-03-09,,11359
scheduled,NCAA D1 Women,0.847789,99,,,98,,,2022-04-02,,11360
scheduled,NCAA D1 Women,0.850959,124,,,99,,,2022-04-06,,11361
scheduled,NCAA D1 Women,0.0179291,94,,,99,,,2022-04-14,,11362
scheduled,NCAA D1 Women,0.317936,99,,,97,,,2022-04-21,,11363
scheduled,NCAA D1 Men,0.320565,3,,,11,,,2022-03-19,,11365
scheduled,NCAA D1 Men,0.701854,1,,,11,,,2022-03-26,,11366
scheduled,NCAA D1 Men,0.616167,35,,,11,,,2022-04-09,,11367
scheduled,NCAA D1 Men,0.49485,11,,,37,,,2022-04-14,,11368
completedFromNCAA,NCAA D1 Women,0.222078,98,0,133.0,150,84.183,5,2022-02-13,25,11369
scheduled,NCAA D1 Women,0.225021,98,,,95,,,2022-03-27,,11370
scheduled,NCAA D1 Women,0.0772269,98,,,97,,,2022-04-07,,11371
scheduled,NCAA D1 Women,0.0396208,98,,,111,,,2022-04-10,,11372
scheduled,NCAA D1 Women,0.9077,98,,,94,,,2022-04-22,,11373
completedFromNCAA,NCAA D1 Men,0.90233,54,1,144.0,35,1.968,15,2022-02-13,9,11374
scheduled,NCAA D1 Men,0.383833,11,,,35,,,2022-03-12,,11375
scheduled,NCAA D1 Men,0.388717,37,,,35,,,2022-04-02,,11376
scheduled,NCAA D1 Men,0.405444,35,,,1,,,2022-04-23,,11377
scheduled,NCAA D1 Men,0.611283,35,,,37,,,2022-05-01,,11378
scheduled,NCAA D1 Women,0.991562,97,,,94,,,2022-03-26,,11380
scheduled,NCAA D1 Women,0.971322,95,,,94,,,2022-04-02,,11381
completedFromNCAA,NCAA D1 Men,0.94454,47,1,142.0,37,1.246,17,2022-02-11,7,11382
completedFromNCAA,NCAA D1 Men,0.702162,14,3,57.0,37,17.358,13,2022-02-26,14,11383
scheduled,NCAA D1 Men,0.864393,39,,,37,,,2022-03-19,,11384
scheduled,NCAA D1 Men,0.697525,1,,,37,,,2022-04-09,,11385
scheduled,NCAA D1 Men,0.302475,37,,,1,,,2022-05-07,,11386
completedFromNCAA,NCAA D1 Women,0.0374818,117,5,129.0,111,17.045,12,2022-02-19,13,11387
scheduled,NCAA D1 Women,0.0198361,117,,,126,,,2022-03-27,,11388
scheduled,NCAA D1 Women,0.966082,122,,,117,,,2022-04-01,,11389
scheduled,NCAA D1 Women,0.0366532,117,,,124,,,2022-04-08,,11390
scheduled,NCAA D1 Women,0.570051,117,,,119,,,2022-04-10,,11391
scheduled,NCAA D1 Women,0.997909,118,,,117,,,2022-04-14,,11392
scheduled,NCAA D1 Women,0.017556,117,,,120,,,2022-04-23,,11393
completedFromNCAA,NCAA D1 Women,0.1211,122,0,136.0,116,65.719,4,2022-02-20,15,11394
completedFromNCAA,NCAA D1 Women,0.439787,122,0,151.0,198,33.957,16,2022-03-02,7,11395
scheduled,NCAA D1 Women,0.0257969,119,,,122,,,2022-03-27,,11396
scheduled,NCAA D1 Women,0.520087,122,,,124,,,2022-04-03,,11397
scheduled,NCAA D1 Women,0.662697,120,,,122,,,2022-04-14,,11398
scheduled,NCAA D1 Women,0.365654,122,,,126,,,2022-04-16,,11399
scheduled,NCAA D1 Women,0.0563263,122,,,118,,,2022-04-23,,11400
completedFromNCAA,NCAA D1 Women,0.755157,124,0,132.0,97,10.192,17,2022-02-19,9,11401
scheduled,NCAA D1 Women,0.352359,150,,,124,,,2022-03-12,,11402
scheduled,NCAA D1 Women,0.680426,120,,,124,,,2022-03-25,,11403
scheduled,NCAA D1 Women,0.972104,124,,,119,,,2022-04-01,,11404
scheduled,NCAA D1 Women,0.947798,118,,,124,,,2022-04-16,,11405
scheduled,NCAA D1 Women,0.347215,124,,,126,,,2022-04-23,,11406
scheduled,NCAA D1 Women,0.272404,186,,,185,,,2022-03-13,,11407
scheduled,NCAA D1 Women,0.0378262,186,,,189,,,2022-03-18,,11408
scheduled,NCAA D1 Women,0.991364,188,,,186,,,2022-03-27,,11409
scheduled,NCAA D1 Women,0.00863623,186,,,188,,,2022-04-03,,11410
scheduled,NCAA D1 Women,0.727596,185,,,186,,,2022-04-17,,11411
scheduled,NCAA D1 Women,0.962174,189,,,186,,,2022-04-22,,11412
scheduled,NCAA D1 Men,0.181137,46,,,54,,,2022-04-16,,11413
scheduled,NCAA D1 Men,0.46764,54,,,20,,,2022-04-29,,11414
scheduled,NCAA D1 Men,0.837301,20,,,46,,,2022-03-12,,11415
scheduled,NCAA D1 Men,0.160519,46,,,50,,,2022-03-29,,11416
completedFromNCAA,NCAA D1 Men,0.19505,3,1,73.0,1,16.485,9,2022-03-05,11,11417
completedFromNCAA,NCAA D1 Women,0.10928,93,1,102.0,116,51.11,11,2022-03-04,17,11418
completedFromLiveStats,NCAA D1 Women,0.104874,93,1,165.0,154,67.185,5,2022-03-06,17,11419
scheduled,NCAA D1 Women,0.592864,111,,,93,,,2022-03-20,,11420
completedFromNCAA,NCAA D1 Women,0.767005,126,1,134.0,106,12.588,16,2022-02-26,5,11421
scheduled,NCAA D1 Women,0.841657,126,,,130,,,2022-03-12,,11422
scheduled,NCAA D1 Women,0.906167,118,,,126,,,2022-04-03,,11423
scheduled,NCAA D1 Women,0.984966,126,,,119,,,2022-04-08,,11424
scheduled,NCAA D1 Women,0.468933,126,,,120,,,2022-04-10,,11425
completedFromNCAA,NCAA D1 Women,0.0977608,170,0,116.0,194,62.52,8,2022-02-12,18,11426
completedFromNCAA,NCAA D1 Women,0.389857,170,0,137.0,149,26.636,9,2022-02-26,5,11427
scheduled,NCAA D1 Women,0.972405,181,,,170,,,2022-03-19,,11428
scheduled,NCAA D1 Women,0.728151,163,,,170,,,2022-04-13,,11429
scheduled,NCAA D1 Women,0.232729,170,,,166,,,2022-04-16,,11430
scheduled,NCAA D1 Women,0.904972,189,,,185,,,2022-03-11,,11431
scheduled,NCAA D1 Women,0.0227394,185,,,188,,,2022-03-20,,11432
scheduled,NCAA D1 Women,0.977261,188,,,185,,,2022-04-10,,11433
scheduled,NCAA D1 Women,0.0950279,185,,,189,,,2022-04-15,,11434
scheduled,NCAA D1 Women,0.0706426,163,,,181,,,2022-03-11,,11435
scheduled,NCAA D1 Women,0.0298153,181,,,115,,,2022-04-02,,11436
scheduled,NCAA D1 Women,0.973143,181,,,175,,,2022-04-23,,11437
completedFromNCAA,NCAA D1 Women,0.87874,106,3,54.0,175,1.688,10,2022-02-16,9,11438
scheduled,NCAA D1 Women,0.0596745,175,,,120,,,2022-03-09,,11439
scheduled,NCAA D1 Women,0.783339,201,,,175,,,2022-03-19,,11440
scheduled,NCAA D1 Women,0.000847412,175,,,115,,,2022-04-27,,11441
completedFromNCAA,NCAA D1 Women,0.74313,150,0,140.0,201,82.918,9,2022-03-05,21,11442
scheduled,NCAA D1 Women,0.565253,201,,,97,,,2022-03-15,,11443
completedFromNCAA,NCAA D1 Women,0.0568857,198,1,133.0,118,27.689,8,2022-03-05,10,11444
scheduled,NCAA D1 Women,0.458943,106,,,198,,,2022-03-12,,11445
scheduled,NCAA D1 Women,0.854915,198,,,175,,,2022-03-16,,11446
scheduled,NCAA D1 Women,0.598271,197,,,198,,,2022-03-30,,11447
scheduled,NCAA D1 Women,0.788153,198,,,192,,,2022-04-02,,11448
scheduled,NCAA D1 Women,0.23027,198,,,194,,,2022-04-29,,11449
scheduled,NCAA D1 Men,0.526866,8,,,58,,,2022-04-23,,11450
completedFromNCAA,NCAA D1 Women,0.792512,111,2,77.0,97,22.872,14,2022-02-23,15,11451
scheduled,NCAA D1 Women,0.223742,95,,,97,,,2022-03-10,,11452
scheduled,NCAA D1 Women,0.591503,150,,,97,,,2022-03-23,,11453
scheduled,NCAA D1 Women,0.0836716,111,,,188,,,2022-03-13,,11454
scheduled,NCAA D1 Women,0.818605,188,,,189,,,2022-03-25,,11455
scheduled,NCAA D1 Women,0.181395,189,,,188,,,2022-04-01,,11456
completedFromNCAA,NCAA D1 Women,0.485947,120,1,116.0,189,18.26,14,2022-02-12,11,11457
completedFromNCAA,NCAA D1 Women,0.0273699,120,1,112.0,115,63.746,5,2022-03-02,18,11458
scheduled,NCAA D1 Women,0.142456,130,,,120,,,2022-03-16,,11459
completedFromNCAA,NCAA D1 Women,0.730864,118,0,140.0,154,4.148,6,2022-02-13,5,11460
completedFromNCAA,NCAA D1 Women,0.13423,197,1,123.0,118,63.868,6,2022-02-26,16,11461
scheduled,NCAA D1 Women,0.00157805,119,,,118,,,2022-03-25,,11462
scheduled,NCAA D1 Women,0.895039,118,,,120,,,2022-04-01,,11463
scheduled,NCAA D1 Women,0.986701,120,,,119,,,2022-04-03,,11464
completedFromNCAA,NCAA D1 Women,0.62111,116,2,100.0,154,16.099,11,2022-02-23,6,11465
scheduled,NCAA D1 Women,0.46118,154,,,116,,,2022-04-02,,11466
scheduled,NCAA D1 Women,0.925575,194,,,192,,,2022-04-23,,11467
scheduled,NCAA D1 Women,0.152892,192,,,197,,,2022-04-28,,11468
scheduled,NCAA D1 Women,0.691795,194,,,197,,,2022-04-20,,11469
completedFromLiveStats,NCAA D1 Women,0.43985,101,0,123.0,119,83.845,5,2022-02-16,22,11472
completedFromNCAA,NCAA D1 Men,0.667739,87,0,125.0,8,9.732,10,2022-02-27,6,11473
completedFromNCAA,NCAA D1 Men,0.862636,4,1,96.0,7,3.917,12,2022-02-27,6,11474
scheduled,NCAA D1 Women,0.995003,201,,,94,,,2022-02-16,,11475
scheduled,NCAA D1 Men,0.838254,19,,,60,,,2022-03-12,,11476
